-- --------------------------------------------------------
-- Host:                         127.0.0.1
-- Server version:               10.1.10-MariaDB - mariadb.org binary distribution
-- Server OS:                    Win32
-- HeidiSQL Version:             9.3.0.4984
-- --------------------------------------------------------

/*!40101 SET @OLD_CHARACTER_SET_CLIENT=@@CHARACTER_SET_CLIENT */;
/*!40101 SET NAMES utf8mb4 */;
/*!40014 SET @OLD_FOREIGN_KEY_CHECKS=@@FOREIGN_KEY_CHECKS, FOREIGN_KEY_CHECKS=0 */;
/*!40101 SET @OLD_SQL_MODE=@@SQL_MODE, SQL_MODE='NO_AUTO_VALUE_ON_ZERO' */;

-- Dumping database structure for fakultet
DROP DATABASE IF EXISTS `fakultet`;
CREATE DATABASE IF NOT EXISTS `fakultet` /*!40100 DEFAULT CHARACTER SET utf8 */;
USE `fakultet`;


-- Dumping structure for table fakultet.crud
DROP TABLE IF EXISTS `crud`;
CREATE TABLE IF NOT EXISTS `crud` (
  `id` int(11) NOT NULL AUTO_INCREMENT,
  `brojcipela` int(11) DEFAULT '0',
  `bojacipela` enum('bijela','žuta','zelena') DEFAULT 'bijela',
  `marka` varchar(50) NOT NULL DEFAULT '0',
  `vrijeme` timestamp NOT NULL DEFAULT CURRENT_TIMESTAMP ON UPDATE CURRENT_TIMESTAMP,
  PRIMARY KEY (`id`)
) ENGINE=InnoDB AUTO_INCREMENT=6 DEFAULT CHARSET=utf8 COMMENT='C:\\xampp\\htdocs\\test\\PHPCRUD';

-- Dumping data for table fakultet.crud: ~4 rows (approximately)
DELETE FROM `crud`;
/*!40000 ALTER TABLE `crud` DISABLE KEYS */;
INSERT INTO `crud` (`id`, `brojcipela`, `bojacipela`, `marka`, `vrijeme`) VALUES
	(1, 44, 'žuta', 'nike', '2016-05-05 19:31:48'),
	(2, 46, 'bijela', '0dfdzzz', '2016-05-06 08:49:27'),
	(3, 35, 'zelena', 'converse', '2016-05-05 20:03:12'),
	(5, 99, 'zelena', 'funk', '2016-05-06 08:48:52');
/*!40000 ALTER TABLE `crud` ENABLE KEYS */;


-- Dumping structure for table fakultet.dvorana
DROP TABLE IF EXISTS `dvorana`;
CREATE TABLE IF NOT EXISTS `dvorana` (
  `oznDvorana` char(5) NOT NULL,
  `kapacitet` int(11) DEFAULT '40',
  PRIMARY KEY (`oznDvorana`)
) ENGINE=InnoDB DEFAULT CHARSET=utf8;

-- Dumping data for table fakultet.dvorana: ~26 rows (approximately)
DELETE FROM `dvorana`;
/*!40000 ALTER TABLE `dvorana` DISABLE KEYS */;
INSERT INTO `dvorana` (`oznDvorana`, `kapacitet`) VALUES
	('A001', 24),
	('A002', 10),
	('A101', 39),
	('A102', 40),
	('A104', 20),
	('A105', 16),
	('A111', 40),
	('A201', 40),
	('A202', 39),
	('A204', 20),
	('A205', 20),
	('A209', 35),
	('A210', 35),
	('A211', 39),
	('A301', 18),
	('A302', 18),
	('A304', 15),
	('A309', 22),
	('A310', 20),
	('A311', 20),
	('A312', 20),
	('B1', 64),
	('B2', 30),
	('B3', 30),
	('B4', 64),
	('M2', 14);
/*!40000 ALTER TABLE `dvorana` ENABLE KEYS */;


-- Dumping structure for table fakultet.flights
DROP TABLE IF EXISTS `flights`;
CREATE TABLE IF NOT EXISTS `flights` (
  `id` int(10) unsigned NOT NULL AUTO_INCREMENT,
  `ime` varchar(50) COLLATE utf8_unicode_ci NOT NULL,
  `broj` int(11) NOT NULL,
  `created_at` timestamp NULL DEFAULT CURRENT_TIMESTAMP,
  `updated_at` timestamp NULL DEFAULT NULL,
  PRIMARY KEY (`id`)
) ENGINE=InnoDB AUTO_INCREMENT=21 DEFAULT CHARSET=utf8 COLLATE=utf8_unicode_ci;

-- Dumping data for table fakultet.flights: ~11 rows (approximately)
DELETE FROM `flights`;
/*!40000 ALTER TABLE `flights` DISABLE KEYS */;
INSERT INTO `flights` (`id`, `ime`, `broj`, `created_at`, `updated_at`) VALUES
	(1, 'neko drugo ime', 314, '2016-05-19 21:12:29', '2016-05-25 18:58:44'),
	(2, 'german wings', 789654, '2016-05-19 21:12:38', '2016-05-25 19:21:10'),
	(12, 'maja', 123, '2016-05-25 21:31:43', NULL),
	(13, 'sdfa', 123, '2016-05-25 21:31:43', NULL),
	(14, 'maja', 58, '2016-05-25 21:31:43', NULL),
	(15, 'maja', 123, '2016-05-25 21:31:43', NULL),
	(16, 'maja', 123, '2016-05-25 21:31:43', NULL),
	(17, 'maja', 123, '2016-05-25 21:31:43', NULL),
	(18, 'maja', 123, '2016-05-25 21:31:43', NULL),
	(19, 'maja', 123, '2016-05-25 21:31:43', NULL),
	(20, 'maja', 123, '2016-05-25 21:31:43', NULL);
/*!40000 ALTER TABLE `flights` ENABLE KEYS */;


-- Dumping structure for function fakultet.ime
DROP FUNCTION IF EXISTS `ime`;
DELIMITER //
CREATE DEFINER=`root`@`localhost` FUNCTION `ime`(`sifra` INT) RETURNS int(11)
    NO SQL
    DETERMINISTIC
    COMMENT 'komentar'
BEGIN
RETURN (sifra); 
END//
DELIMITER ;


-- Dumping structure for table fakultet.ispit
DROP TABLE IF EXISTS `ispit`;
CREATE TABLE IF NOT EXISTS `ispit` (
  `mbrStud` int(11) NOT NULL,
  `sifPred` int(11) NOT NULL,
  `sifNastavnik` int(11) NOT NULL,
  `datIspit` datetime NOT NULL,
  `ocjena` smallint(6) NOT NULL DEFAULT '1',
  KEY `mbrStud` (`mbrStud`),
  KEY `sifPred` (`sifPred`),
  KEY `sifNastavnik` (`sifNastavnik`),
  CONSTRAINT `ispit_ibfk_1` FOREIGN KEY (`mbrStud`) REFERENCES `stud` (`mbrStud`),
  CONSTRAINT `ispit_ibfk_2` FOREIGN KEY (`sifPred`) REFERENCES `pred` (`sifPred`),
  CONSTRAINT `ispit_ibfk_3` FOREIGN KEY (`sifNastavnik`) REFERENCES `nastavnik` (`sifNastavnik`)
) ENGINE=InnoDB DEFAULT CHARSET=utf8;

-- Dumping data for table fakultet.ispit: ~639 rows (approximately)
DELETE FROM `ispit`;
/*!40000 ALTER TABLE `ispit` DISABLE KEYS */;
INSERT INTO `ispit` (`mbrStud`, `sifPred`, `sifNastavnik`, `datIspit`, `ocjena`) VALUES
	(1167, 229, 122, '2002-08-23 00:00:00', 2),
	(1210, 545, 481, '2002-10-22 00:00:00', 2),
	(1272, 607, 191, '2003-01-14 00:00:00', 2),
	(1312, 474, 142, '2003-06-05 00:00:00', 2),
	(1369, 57, 256, '2002-12-30 00:00:00', 2),
	(1426, 349, 379, '2003-08-22 00:00:00', 2),
	(1464, 146, 326, '2002-12-17 00:00:00', 2),
	(1490, 474, 501, '2003-04-10 00:00:00', 3),
	(1127, 430, 277, '2002-11-27 00:00:00', 3),
	(1306, 594, 456, '2003-05-20 00:00:00', 3),
	(1471, 367, 195, '2003-06-24 00:00:00', 3),
	(1421, 238, 277, '2003-06-06 00:00:00', 3),
	(1267, 194, 330, '2003-04-02 00:00:00', 3),
	(1376, 241, 501, '2002-10-09 00:00:00', 3),
	(1498, 238, 277, '2003-05-30 00:00:00', 3),
	(1370, 362, 456, '2003-05-01 00:00:00', 4),
	(1434, 37, 166, '2003-06-20 00:00:00', 4),
	(1393, 489, 371, '2003-06-03 00:00:00', 4),
	(1120, 545, 122, '2003-08-25 00:00:00', 4),
	(1125, 423, 150, '2003-01-07 00:00:00', 5),
	(1127, 458, 166, '2002-12-30 00:00:00', 5),
	(1172, 102, 232, '2002-06-21 00:00:00', 5),
	(1139, 607, 281, '2002-12-10 00:00:00', 2),
	(1140, 301, 301, '2002-09-10 00:00:00', 2),
	(1145, 355, 334, '2003-06-03 00:00:00', 2),
	(1230, 68, 371, '2002-12-13 00:00:00', 2),
	(1152, 549, 391, '2002-03-26 00:00:00', 2),
	(1153, 278, 436, '2003-09-11 00:00:00', 2),
	(1160, 99, 481, '2002-12-02 00:00:00', 2),
	(1331, 609, 505, '2002-09-19 00:00:00', 2),
	(1172, 305, 154, '2003-09-03 00:00:00', 2),
	(1173, 253, 166, '2002-06-28 00:00:00', 2),
	(1178, 515, 236, '2002-10-07 00:00:00', 2),
	(1386, 459, 256, '2002-10-30 00:00:00', 2),
	(1189, 367, 285, '2003-08-27 00:00:00', 2),
	(1190, 453, 301, '2003-01-14 00:00:00', 3),
	(1441, 420, 391, '2002-11-08 00:00:00', 3),
	(1204, 576, 436, '2003-03-24 00:00:00', 3),
	(1209, 267, 465, '2002-09-12 00:00:00', 3),
	(1216, 423, 509, '2002-11-25 00:00:00', 3),
	(1490, 229, 122, '2002-12-11 00:00:00', 3),
	(1222, 305, 154, '2003-01-13 00:00:00', 3),
	(1223, 253, 166, '2003-01-07 00:00:00', 3),
	(1229, 515, 236, '2003-04-22 00:00:00', 3),
	(1230, 459, 256, '2003-04-18 00:00:00', 3),
	(1237, 453, 301, '2002-09-19 00:00:00', 3),
	(1242, 525, 334, '2003-08-27 00:00:00', 3),
	(1243, 106, 375, '2003-09-05 00:00:00', 3),
	(1249, 420, 391, '2003-09-04 00:00:00', 3),
	(1254, 267, 465, '2003-09-10 00:00:00', 4),
	(1259, 545, 481, '2003-06-27 00:00:00', 4),
	(1261, 423, 509, '2003-01-24 00:00:00', 4),
	(1266, 474, 142, '2003-04-15 00:00:00', 4),
	(1222, 357, 154, '2003-10-21 00:00:00', 4),
	(1274, 39, 236, '2002-10-25 00:00:00', 4),
	(1279, 57, 256, '2003-09-12 00:00:00', 4),
	(1280, 304, 289, '2002-10-22 00:00:00', 2),
	(1266, 286, 326, '2003-09-02 00:00:00', 2),
	(1287, 288, 367, '2003-02-04 00:00:00', 2),
	(1292, 658, 379, '2003-04-17 00:00:00', 2),
	(1294, 594, 411, '2003-06-19 00:00:00', 2),
	(1299, 450, 436, '2003-08-26 00:00:00', 2),
	(1306, 229, 481, '2002-09-30 00:00:00', 2),
	(1314, 357, 154, '2003-04-21 00:00:00', 2),
	(1351, 607, 191, '2003-05-06 00:00:00', 2),
	(1317, 39, 236, '2003-09-16 00:00:00', 2),
	(1323, 57, 256, '2003-01-23 00:00:00', 2),
	(1324, 304, 289, '2003-02-11 00:00:00', 2),
	(1329, 286, 326, '2003-04-01 00:00:00', 2),
	(1393, 288, 367, '2003-05-16 00:00:00', 2),
	(1336, 658, 379, '2003-05-09 00:00:00', 2),
	(1337, 594, 411, '2003-05-26 00:00:00', 2),
	(1343, 450, 436, '2002-07-05 00:00:00', 2),
	(1344, 312, 465, '2003-09-02 00:00:00', 3),
	(1434, 229, 481, '2002-12-26 00:00:00', 3),
	(1351, 305, 514, '2003-09-09 00:00:00', 3),
	(1356, 474, 142, '2003-04-30 00:00:00', 3),
	(1357, 357, 154, '2002-05-20 00:00:00', 3),
	(1363, 607, 191, '2003-09-12 00:00:00', 3),
	(1483, 39, 236, '2003-01-03 00:00:00', 3),
	(1370, 304, 289, '2003-06-12 00:00:00', 3),
	(1376, 286, 326, '2002-11-29 00:00:00', 3),
	(1377, 288, 367, '2003-04-10 00:00:00', 3),
	(1381, 594, 411, '2003-07-04 00:00:00', 3),
	(1386, 450, 436, '2003-05-23 00:00:00', 3),
	(1388, 312, 465, '2003-03-14 00:00:00', 3),
	(1393, 229, 481, '2003-03-10 00:00:00', 3),
	(1230, 305, 514, '2002-10-11 00:00:00', 3),
	(1401, 646, 154, '2003-01-22 00:00:00', 3),
	(1406, 367, 195, '2003-05-23 00:00:00', 3),
	(1408, 429, 244, '2003-03-12 00:00:00', 3),
	(1331, 430, 277, '2002-12-17 00:00:00', 3),
	(1419, 146, 326, '2003-02-18 00:00:00', 4),
	(1421, 371, 367, '2003-10-08 00:00:00', 4),
	(1386, 362, 411, '2003-01-31 00:00:00', 4),
	(1433, 594, 456, '2003-05-27 00:00:00', 4),
	(1434, 441, 469, '2003-01-13 00:00:00', 4),
	(1439, 474, 501, '2003-07-04 00:00:00', 4),
	(1441, 357, 514, '2002-01-07 00:00:00', 4),
	(1441, 241, 142, '2003-09-16 00:00:00', 4),
	(1450, 646, 154, '2003-01-21 00:00:00', 4),
	(1451, 367, 195, '2003-04-11 00:00:00', 4),
	(1457, 429, 244, '2003-03-03 00:00:00', 5),
	(1458, 430, 277, '2003-01-14 00:00:00', 5),
	(1490, 356, 289, '2003-08-27 00:00:00', 5),
	(1470, 371, 367, '2002-11-29 00:00:00', 5),
	(1471, 349, 379, '2003-04-23 00:00:00', 5),
	(1476, 362, 411, '2002-12-10 00:00:00', 5),
	(1483, 594, 456, '2002-09-24 00:00:00', 5),
	(1484, 441, 469, '2003-05-19 00:00:00', 5),
	(1491, 357, 514, '2003-08-20 00:00:00', 2),
	(1498, 241, 142, '2003-07-04 00:00:00', 2),
	(1503, 646, 154, '2002-11-04 00:00:00', 2),
	(1504, 367, 195, '2003-04-24 00:00:00', 2),
	(1152, 356, 289, '2003-09-16 00:00:00', 3),
	(1173, 146, 326, '2003-02-17 00:00:00', 3),
	(1202, 371, 367, '2003-01-17 00:00:00', 3),
	(1370, 474, 501, '2003-09-16 00:00:00', 3),
	(1414, 241, 142, '2002-09-11 00:00:00', 3),
	(1439, 646, 154, '2003-01-28 00:00:00', 3),
	(1496, 429, 244, '2003-02-14 00:00:00', 4),
	(1202, 146, 326, '2003-01-23 00:00:00', 4),
	(1223, 371, 367, '2002-09-20 00:00:00', 4),
	(1249, 349, 379, '2003-08-22 00:00:00', 5),
	(1272, 362, 411, '2003-01-29 00:00:00', 5),
	(1324, 594, 456, '2002-05-10 00:00:00', 5),
	(1349, 441, 469, '2003-09-22 00:00:00', 3),
	(1393, 357, 514, '2003-01-17 00:00:00', 3),
	(1450, 262, 154, '2002-03-06 00:00:00', 3),
	(1471, 284, 232, '2003-09-16 00:00:00', 3),
	(1496, 343, 244, '2002-09-18 00:00:00', 3),
	(1147, 238, 277, '2002-11-22 00:00:00', 3),
	(1180, 194, 330, '2003-10-14 00:00:00', 3),
	(1202, 103, 367, '2003-03-06 00:00:00', 3),
	(1235, 419, 379, '2002-09-05 00:00:00', 3),
	(1253, 98, 411, '2003-06-13 00:00:00', 3),
	(1267, 362, 456, '2003-04-16 00:00:00', 3),
	(1286, 346, 469, '2002-11-26 00:00:00', 4),
	(1312, 241, 501, '2003-03-06 00:00:00', 4),
	(1324, 646, 514, '2003-10-07 00:00:00', 4),
	(1343, 264, 142, '2003-01-10 00:00:00', 4),
	(1357, 262, 154, '2003-03-17 00:00:00', 4),
	(1388, 284, 232, '2003-09-02 00:00:00', 4),
	(1439, 583, 289, '2002-06-03 00:00:00', 2),
	(1464, 194, 330, '2002-01-18 00:00:00', 2),
	(1483, 103, 367, '2003-09-19 00:00:00', 2),
	(1498, 419, 379, '2003-05-23 00:00:00', 2),
	(1132, 98, 411, '2003-09-26 00:00:00', 3),
	(1165, 362, 456, '2003-09-22 00:00:00', 3),
	(1180, 346, 469, '2003-03-18 00:00:00', 3),
	(1202, 241, 501, '2003-06-03 00:00:00', 3),
	(1217, 646, 514, '2003-12-11 00:00:00', 3),
	(1253, 264, 142, '2002-09-10 00:00:00', 4),
	(1267, 262, 154, '2002-12-16 00:00:00', 4),
	(1286, 284, 232, '2003-11-03 00:00:00', 4),
	(1294, 343, 244, '2002-12-12 00:00:00', 2),
	(1324, 238, 277, '2003-09-18 00:00:00', 2),
	(1343, 583, 289, '2003-03-27 00:00:00', 2),
	(1376, 103, 367, '2003-09-12 00:00:00', 2),
	(1406, 419, 379, '2003-09-11 00:00:00', 2),
	(1439, 362, 456, '2002-11-20 00:00:00', 2),
	(1450, 346, 469, '2003-10-21 00:00:00', 2),
	(1483, 241, 501, '2002-12-06 00:00:00', 2),
	(1498, 646, 514, '2003-04-10 00:00:00', 2),
	(1132, 264, 142, '2002-10-03 00:00:00', 2),
	(1147, 262, 154, '2002-10-17 00:00:00', 2),
	(1180, 284, 232, '2003-02-18 00:00:00', 2),
	(1202, 343, 244, '2003-03-28 00:00:00', 2),
	(1217, 238, 277, '2003-02-10 00:00:00', 3),
	(1235, 583, 289, '2002-10-14 00:00:00', 3),
	(1286, 103, 367, '2003-05-16 00:00:00', 3),
	(1294, 419, 379, '2002-12-02 00:00:00', 3),
	(1312, 98, 411, '2003-06-25 00:00:00', 3),
	(1343, 362, 456, '2003-02-04 00:00:00', 3),
	(1357, 346, 469, '2003-10-07 00:00:00', 3),
	(1388, 646, 514, '2003-11-04 00:00:00', 3),
	(1421, 264, 142, '2003-02-24 00:00:00', 3),
	(1439, 262, 154, '2002-11-19 00:00:00', 3),
	(1450, 284, 232, '2003-08-25 00:00:00', 3),
	(1464, 343, 244, '2003-01-07 00:00:00', 3),
	(1145, 583, 289, '2003-10-27 00:00:00', 3),
	(1222, 103, 367, '2003-07-01 00:00:00', 3),
	(1300, 419, 379, '2003-04-22 00:00:00', 4),
	(1336, 98, 411, '2003-04-18 00:00:00', 4),
	(1406, 346, 469, '2002-10-31 00:00:00', 4),
	(1484, 646, 514, '2003-07-01 00:00:00', 4),
	(1145, 99, 122, '2003-04-22 00:00:00', 4),
	(1180, 609, 146, '2003-01-24 00:00:00', 4),
	(1300, 370, 232, '2003-03-27 00:00:00', 4),
	(1336, 259, 244, '2003-07-01 00:00:00', 2),
	(1370, 265, 277, '2003-04-23 00:00:00', 2),
	(1441, 303, 289, '2003-02-04 00:00:00', 2),
	(1450, 650, 334, '2003-10-10 00:00:00', 3),
	(1484, 489, 371, '2003-09-10 00:00:00', 3),
	(1145, 209, 391, '2003-02-04 00:00:00', 3),
	(1222, 367, 420, '2002-12-27 00:00:00', 4),
	(1259, 98, 456, '2003-04-10 00:00:00', 4),
	(1300, 378, 469, '2003-05-15 00:00:00', 2),
	(1336, 264, 501, '2003-08-15 00:00:00', 2),
	(1406, 262, 514, '2003-09-04 00:00:00', 2),
	(1450, 609, 146, '2003-02-07 00:00:00', 3),
	(1145, 37, 166, '2003-08-29 00:00:00', 3),
	(1180, 370, 232, '2003-07-04 00:00:00', 3),
	(1259, 265, 277, '2003-06-05 00:00:00', 4),
	(1167, 229, 122, '2002-08-23 00:00:00', 2),
	(1210, 545, 481, '2002-10-22 00:00:00', 2),
	(1272, 607, 191, '2003-01-14 00:00:00', 2),
	(1312, 474, 142, '2003-06-05 00:00:00', 2),
	(1369, 57, 256, '2002-12-30 00:00:00', 2),
	(1426, 349, 379, '2003-08-22 00:00:00', 2),
	(1464, 146, 326, '2002-12-17 00:00:00', 2),
	(1490, 474, 501, '2003-04-10 00:00:00', 3),
	(1127, 430, 277, '2002-11-27 00:00:00', 3),
	(1306, 594, 456, '2003-05-20 00:00:00', 3),
	(1471, 367, 195, '2003-06-24 00:00:00', 3),
	(1421, 238, 277, '2003-06-06 00:00:00', 3),
	(1267, 194, 330, '2003-04-02 00:00:00', 3),
	(1376, 241, 501, '2002-10-09 00:00:00', 3),
	(1498, 238, 277, '2003-05-30 00:00:00', 3),
	(1370, 362, 456, '2003-05-01 00:00:00', 4),
	(1434, 37, 166, '2003-06-20 00:00:00', 4),
	(1393, 489, 371, '2003-06-03 00:00:00', 4),
	(1120, 545, 122, '2003-08-25 00:00:00', 4),
	(1125, 423, 150, '2003-01-07 00:00:00', 5),
	(1127, 458, 166, '2002-12-30 00:00:00', 5),
	(1172, 102, 232, '2002-06-21 00:00:00', 5),
	(1139, 607, 281, '2002-12-10 00:00:00', 2),
	(1140, 301, 301, '2002-09-10 00:00:00', 2),
	(1145, 355, 334, '2003-06-03 00:00:00', 2),
	(1230, 68, 371, '2002-12-13 00:00:00', 2),
	(1152, 549, 391, '2002-03-26 00:00:00', 2),
	(1153, 278, 436, '2003-09-11 00:00:00', 2),
	(1160, 99, 481, '2002-12-02 00:00:00', 2),
	(1331, 609, 505, '2002-09-19 00:00:00', 2),
	(1172, 305, 154, '2003-09-03 00:00:00', 2),
	(1173, 253, 166, '2002-06-28 00:00:00', 2),
	(1178, 515, 236, '2002-10-07 00:00:00', 2),
	(1386, 459, 256, '2002-10-30 00:00:00', 2),
	(1189, 367, 285, '2003-08-27 00:00:00', 2),
	(1190, 453, 301, '2003-01-14 00:00:00', 3),
	(1441, 420, 391, '2002-11-08 00:00:00', 3),
	(1204, 576, 436, '2003-03-24 00:00:00', 3),
	(1209, 267, 465, '2002-09-12 00:00:00', 3),
	(1216, 423, 509, '2002-11-25 00:00:00', 3),
	(1490, 229, 122, '2002-12-11 00:00:00', 3),
	(1222, 305, 154, '2003-01-13 00:00:00', 3),
	(1223, 253, 166, '2003-01-07 00:00:00', 3),
	(1229, 515, 236, '2003-04-22 00:00:00', 3),
	(1230, 459, 256, '2003-04-18 00:00:00', 3),
	(1237, 453, 301, '2002-09-19 00:00:00', 3),
	(1242, 525, 334, '2003-08-27 00:00:00', 3),
	(1243, 106, 375, '2003-09-05 00:00:00', 3),
	(1249, 420, 391, '2003-09-04 00:00:00', 3),
	(1254, 267, 465, '2003-09-10 00:00:00', 4),
	(1259, 545, 481, '2003-06-27 00:00:00', 4),
	(1261, 423, 509, '2003-01-24 00:00:00', 4),
	(1266, 474, 142, '2003-04-15 00:00:00', 4),
	(1222, 357, 154, '2003-10-21 00:00:00', 4),
	(1274, 39, 236, '2002-10-25 00:00:00', 4),
	(1279, 57, 256, '2003-09-12 00:00:00', 4),
	(1280, 304, 289, '2002-10-22 00:00:00', 2),
	(1266, 286, 326, '2003-09-02 00:00:00', 2),
	(1287, 288, 367, '2003-02-04 00:00:00', 2),
	(1292, 658, 379, '2003-04-17 00:00:00', 2),
	(1294, 594, 411, '2003-06-19 00:00:00', 2),
	(1299, 450, 436, '2003-08-26 00:00:00', 2),
	(1306, 229, 481, '2002-09-30 00:00:00', 2),
	(1314, 357, 154, '2003-04-21 00:00:00', 2),
	(1351, 607, 191, '2003-05-06 00:00:00', 2),
	(1317, 39, 236, '2003-09-16 00:00:00', 2),
	(1323, 57, 256, '2003-01-23 00:00:00', 2),
	(1324, 304, 289, '2003-02-11 00:00:00', 2),
	(1329, 286, 326, '2003-04-01 00:00:00', 2),
	(1393, 288, 367, '2003-05-16 00:00:00', 2),
	(1336, 658, 379, '2003-05-09 00:00:00', 2),
	(1337, 594, 411, '2003-05-26 00:00:00', 2),
	(1343, 450, 436, '2002-07-05 00:00:00', 2),
	(1344, 312, 465, '2003-09-02 00:00:00', 3),
	(1434, 229, 481, '2002-12-26 00:00:00', 3),
	(1351, 305, 514, '2003-09-09 00:00:00', 3),
	(1356, 474, 142, '2003-04-30 00:00:00', 3),
	(1357, 357, 154, '2002-05-20 00:00:00', 3),
	(1363, 607, 191, '2003-09-12 00:00:00', 3),
	(1483, 39, 236, '2003-01-03 00:00:00', 3),
	(1370, 304, 289, '2003-06-12 00:00:00', 3),
	(1376, 286, 326, '2002-11-29 00:00:00', 3),
	(1377, 288, 367, '2003-04-10 00:00:00', 3),
	(1381, 594, 411, '2003-07-04 00:00:00', 3),
	(1386, 450, 436, '2003-05-23 00:00:00', 3),
	(1388, 312, 465, '2003-03-14 00:00:00', 3),
	(1393, 229, 481, '2003-03-10 00:00:00', 3),
	(1230, 305, 514, '2002-10-11 00:00:00', 3),
	(1401, 646, 154, '2003-01-22 00:00:00', 3),
	(1406, 367, 195, '2003-05-23 00:00:00', 3),
	(1408, 429, 244, '2003-03-12 00:00:00', 3),
	(1331, 430, 277, '2002-12-17 00:00:00', 3),
	(1419, 146, 326, '2003-02-18 00:00:00', 4),
	(1421, 371, 367, '2003-10-08 00:00:00', 4),
	(1386, 362, 411, '2003-01-31 00:00:00', 4),
	(1433, 594, 456, '2003-05-27 00:00:00', 4),
	(1434, 441, 469, '2003-01-13 00:00:00', 4),
	(1439, 474, 501, '2003-07-04 00:00:00', 4),
	(1441, 357, 514, '2002-01-07 00:00:00', 4),
	(1441, 241, 142, '2003-09-16 00:00:00', 4),
	(1450, 646, 154, '2003-01-21 00:00:00', 4),
	(1451, 367, 195, '2003-04-11 00:00:00', 4),
	(1457, 429, 244, '2003-03-03 00:00:00', 5),
	(1458, 430, 277, '2003-01-14 00:00:00', 5),
	(1490, 356, 289, '2003-08-27 00:00:00', 5),
	(1470, 371, 367, '2002-11-29 00:00:00', 5),
	(1471, 349, 379, '2003-04-23 00:00:00', 5),
	(1476, 362, 411, '2002-12-10 00:00:00', 5),
	(1483, 594, 456, '2002-09-24 00:00:00', 5),
	(1484, 441, 469, '2003-05-19 00:00:00', 5),
	(1491, 357, 514, '2003-08-20 00:00:00', 2),
	(1498, 241, 142, '2003-07-04 00:00:00', 2),
	(1503, 646, 154, '2002-11-04 00:00:00', 2),
	(1504, 367, 195, '2003-04-24 00:00:00', 2),
	(1152, 356, 289, '2003-09-16 00:00:00', 3),
	(1173, 146, 326, '2003-02-17 00:00:00', 3),
	(1202, 371, 367, '2003-01-17 00:00:00', 3),
	(1370, 474, 501, '2003-09-16 00:00:00', 3),
	(1414, 241, 142, '2002-09-11 00:00:00', 3),
	(1439, 646, 154, '2003-01-28 00:00:00', 3),
	(1496, 429, 244, '2003-02-14 00:00:00', 4),
	(1202, 146, 326, '2003-01-23 00:00:00', 4),
	(1223, 371, 367, '2002-09-20 00:00:00', 4),
	(1249, 349, 379, '2003-08-22 00:00:00', 5),
	(1272, 362, 411, '2003-01-29 00:00:00', 5),
	(1324, 594, 456, '2002-05-10 00:00:00', 5),
	(1349, 441, 469, '2003-09-22 00:00:00', 3),
	(1393, 357, 514, '2003-01-17 00:00:00', 3),
	(1450, 262, 154, '2002-03-06 00:00:00', 3),
	(1471, 284, 232, '2003-09-16 00:00:00', 3),
	(1496, 343, 244, '2002-09-18 00:00:00', 3),
	(1147, 238, 277, '2002-11-22 00:00:00', 3),
	(1180, 194, 330, '2003-10-14 00:00:00', 3),
	(1202, 103, 367, '2003-03-06 00:00:00', 3),
	(1235, 419, 379, '2002-09-05 00:00:00', 3),
	(1253, 98, 411, '2003-06-13 00:00:00', 3),
	(1267, 362, 456, '2003-04-16 00:00:00', 3),
	(1286, 346, 469, '2002-11-26 00:00:00', 4),
	(1312, 241, 501, '2003-03-06 00:00:00', 4),
	(1324, 646, 514, '2003-10-07 00:00:00', 4),
	(1343, 264, 142, '2003-01-10 00:00:00', 4),
	(1357, 262, 154, '2003-03-17 00:00:00', 4),
	(1388, 284, 232, '2003-09-02 00:00:00', 4),
	(1439, 583, 289, '2002-06-03 00:00:00', 2),
	(1464, 194, 330, '2002-01-18 00:00:00', 2),
	(1483, 103, 367, '2003-09-19 00:00:00', 2),
	(1498, 419, 379, '2003-05-23 00:00:00', 2),
	(1132, 98, 411, '2003-09-26 00:00:00', 3),
	(1165, 362, 456, '2003-09-22 00:00:00', 3),
	(1180, 346, 469, '2003-03-18 00:00:00', 3),
	(1202, 241, 501, '2003-06-03 00:00:00', 3),
	(1217, 646, 514, '2003-12-11 00:00:00', 3),
	(1253, 264, 142, '2002-09-10 00:00:00', 4),
	(1267, 262, 154, '2002-12-16 00:00:00', 4),
	(1286, 284, 232, '2003-11-03 00:00:00', 4),
	(1294, 343, 244, '2002-12-12 00:00:00', 2),
	(1324, 238, 277, '2003-09-18 00:00:00', 2),
	(1343, 583, 289, '2003-03-27 00:00:00', 2),
	(1376, 103, 367, '2003-09-12 00:00:00', 2),
	(1406, 419, 379, '2003-09-11 00:00:00', 2),
	(1439, 362, 456, '2002-11-20 00:00:00', 2),
	(1450, 346, 469, '2003-10-21 00:00:00', 2),
	(1483, 241, 501, '2002-12-06 00:00:00', 2),
	(1498, 646, 514, '2003-04-10 00:00:00', 2),
	(1132, 264, 142, '2002-10-03 00:00:00', 2),
	(1147, 262, 154, '2002-10-17 00:00:00', 2),
	(1180, 284, 232, '2003-02-18 00:00:00', 2),
	(1202, 343, 244, '2003-03-28 00:00:00', 2),
	(1217, 238, 277, '2003-02-10 00:00:00', 3),
	(1235, 583, 289, '2002-10-14 00:00:00', 3),
	(1286, 103, 367, '2003-05-16 00:00:00', 3),
	(1294, 419, 379, '2002-12-02 00:00:00', 3),
	(1312, 98, 411, '2003-06-25 00:00:00', 3),
	(1343, 362, 456, '2003-02-04 00:00:00', 3),
	(1357, 346, 469, '2003-10-07 00:00:00', 3),
	(1388, 646, 514, '2003-11-04 00:00:00', 3),
	(1421, 264, 142, '2003-02-24 00:00:00', 3),
	(1439, 262, 154, '2002-11-19 00:00:00', 3),
	(1450, 284, 232, '2003-08-25 00:00:00', 3),
	(1464, 343, 244, '2003-01-07 00:00:00', 3),
	(1145, 583, 289, '2003-10-27 00:00:00', 3),
	(1222, 103, 367, '2003-07-01 00:00:00', 3),
	(1300, 419, 379, '2003-04-22 00:00:00', 4),
	(1336, 98, 411, '2003-04-18 00:00:00', 4),
	(1406, 346, 469, '2002-10-31 00:00:00', 4),
	(1484, 646, 514, '2003-07-01 00:00:00', 4),
	(1145, 99, 122, '2003-04-22 00:00:00', 4),
	(1180, 609, 146, '2003-01-24 00:00:00', 4),
	(1300, 370, 232, '2003-03-27 00:00:00', 4),
	(1336, 259, 244, '2003-07-01 00:00:00', 2),
	(1370, 265, 277, '2003-04-23 00:00:00', 2),
	(1441, 303, 289, '2003-02-04 00:00:00', 2),
	(1450, 650, 334, '2003-10-10 00:00:00', 3),
	(1484, 489, 371, '2003-09-10 00:00:00', 3),
	(1145, 209, 391, '2003-02-04 00:00:00', 3),
	(1222, 367, 420, '2002-12-27 00:00:00', 4),
	(1259, 98, 456, '2003-04-10 00:00:00', 4),
	(1300, 378, 469, '2003-05-15 00:00:00', 2),
	(1336, 264, 501, '2003-08-15 00:00:00', 2),
	(1406, 262, 514, '2003-09-04 00:00:00', 2),
	(1450, 609, 146, '2003-02-07 00:00:00', 3),
	(1145, 37, 166, '2003-08-29 00:00:00', 3),
	(1180, 370, 232, '2003-07-04 00:00:00', 3),
	(1259, 265, 277, '2003-06-05 00:00:00', 4),
	(1336, 303, 289, '2002-11-01 00:00:00', 4),
	(1370, 650, 334, '2003-06-27 00:00:00', 2),
	(1406, 489, 371, '2003-01-03 00:00:00', 2),
	(1441, 209, 391, '2003-08-26 00:00:00', 3),
	(1484, 367, 420, '2003-09-16 00:00:00', 3),
	(1173, 378, 469, '2003-06-02 00:00:00', 3),
	(1222, 264, 501, '2003-04-11 00:00:00', 4),
	(1351, 99, 122, '2003-10-24 00:00:00', 4),
	(1393, 609, 146, '2003-03-31 00:00:00', 5),
	(1173, 259, 244, '2002-08-23 00:00:00', 2),
	(1222, 265, 277, '2003-06-03 00:00:00', 2),
	(1266, 303, 289, '2003-03-05 00:00:00', 2),
	(1351, 650, 334, '2003-09-23 00:00:00', 2),
	(1434, 209, 391, '2002-10-23 00:00:00', 2),
	(1483, 367, 420, '2003-03-11 00:00:00', 2),
	(1173, 98, 456, '2003-09-05 00:00:00', 2),
	(1222, 378, 469, '2003-10-13 00:00:00', 2),
	(1266, 264, 501, '2003-09-16 00:00:00', 2),
	(1434, 609, 146, '2003-03-24 00:00:00', 2),
	(1483, 37, 166, '2003-09-10 00:00:00', 2),
	(1132, 370, 232, '2003-04-23 00:00:00', 3),
	(1222, 259, 244, '2003-06-12 00:00:00', 3),
	(1266, 265, 277, '2003-08-27 00:00:00', 3),
	(1312, 303, 289, '2002-12-27 00:00:00', 3),
	(1434, 489, 371, '2002-05-16 00:00:00', 3),
	(1483, 209, 391, '2003-09-03 00:00:00', 3),
	(1132, 367, 420, '2003-04-07 00:00:00', 3),
	(1266, 378, 469, '2002-09-25 00:00:00', 3),
	(1351, 262, 514, '2003-01-28 00:00:00', 3),
	(1393, 99, 122, '2003-11-25 00:00:00', 3),
	(1483, 609, 146, '2003-04-17 00:00:00', 3),
	(1172, 37, 166, '2002-09-12 00:00:00', 3),
	(1230, 370, 232, '2003-08-29 00:00:00', 3),
	(1490, 303, 289, '2003-04-17 00:00:00', 3),
	(1172, 650, 334, '2003-11-18 00:00:00', 3),
	(1230, 489, 371, '2003-02-21 00:00:00', 3),
	(1441, 367, 420, '2003-09-09 00:00:00', 4),
	(1490, 98, 456, '2003-04-01 00:00:00', 4),
	(1172, 378, 469, '2002-04-26 00:00:00', 4),
	(1386, 262, 514, '2002-02-25 00:00:00', 4),
	(1441, 99, 122, '2003-10-08 00:00:00', 4),
	(1490, 609, 146, '2003-05-23 00:00:00', 4),
	(1230, 37, 166, '2003-09-26 00:00:00', 4),
	(1331, 370, 232, '2003-10-15 00:00:00', 4),
	(1386, 259, 244, '2003-01-02 00:00:00', 4),
	(1441, 265, 277, '2003-02-27 00:00:00', 5),
	(1230, 650, 334, '2003-01-24 00:00:00', 5),
	(1331, 489, 371, '2003-10-21 00:00:00', 5),
	(1386, 209, 391, '2003-05-02 00:00:00', 2),
	(1490, 367, 420, '2003-01-01 00:00:00', 2),
	(1172, 98, 456, '2003-10-06 00:00:00', 2),
	(1230, 378, 469, '2002-09-19 00:00:00', 3),
	(1331, 264, 501, '2003-08-28 00:00:00', 3),
	(1133, 104, 256, '2003-05-02 00:00:00', 4),
	(1173, 576, 436, '2003-10-21 00:00:00', 5),
	(1307, 305, 514, '2003-06-05 00:00:00', 2),
	(1414, 356, 289, '2003-11-26 00:00:00', 2),
	(1324, 441, 469, '2003-05-20 00:00:00', 3),
	(1172, 303, 289, '2003-09-05 00:00:00', 3),
	(1196, 525, 334, '2003-11-12 00:00:00', 4),
	(1439, 264, 142, '2004-02-10 00:00:00', 2),
	(1406, 343, 244, '2003-10-28 00:00:00', 2),
	(1357, 194, 330, '2003-10-30 00:00:00', 3),
	(1331, 259, 244, '2003-10-28 00:00:00', 3),
	(1400, 241, 142, '2003-07-02 00:00:00', 3),
	(1421, 98, 411, '2003-06-06 00:00:00', 4),
	(1312, 264, 501, '2003-10-24 00:00:00', 5),
	(1312, 312, 465, '2003-05-23 00:00:00', 2),
	(1197, 106, 375, '2003-08-22 00:00:00', 2),
	(1513, 429, 244, '2003-09-25 00:00:00', 3),
	(1450, 241, 501, '2003-06-23 00:00:00', 3),
	(1312, 262, 514, '2004-01-09 00:00:00', 3),
	(1441, 262, 514, '2003-04-10 00:00:00', 4),
	(1172, 658, 379, '2003-10-13 00:00:00', 5),
	(1165, 583, 289, '2003-11-19 00:00:00', 2),
	(1259, 37, 166, '2003-10-21 00:00:00', 2),
	(1159, 169, 460, '2003-09-24 00:00:00', 3),
	(1127, 458, 166, '2002-01-15 00:00:00', 1),
	(1230, 68, 371, '2002-08-27 00:00:00', 1),
	(1190, 453, 301, '2002-09-17 00:00:00', 1),
	(1230, 459, 256, '2002-11-22 00:00:00', 1),
	(1173, 576, 436, '2002-10-02 00:00:00', 1),
	(1292, 658, 379, '2003-04-07 00:00:00', 1),
	(1329, 286, 326, '2002-11-04 00:00:00', 1),
	(1434, 229, 481, '2002-09-04 00:00:00', 1),
	(1386, 450, 436, '2003-05-19 00:00:00', 1),
	(1406, 367, 195, '2002-12-12 00:00:00', 1),
	(1441, 241, 142, '2002-10-21 00:00:00', 1),
	(1249, 349, 379, '2002-12-05 00:00:00', 1),
	(1439, 264, 142, '2003-02-24 00:00:00', 1),
	(1180, 194, 330, '2003-01-15 00:00:00', 1),
	(1312, 241, 501, '2002-11-28 00:00:00', 1),
	(1165, 362, 456, '2002-10-14 00:00:00', 1),
	(1286, 284, 232, '2003-03-07 00:00:00', 1),
	(1406, 419, 379, '2002-10-24 00:00:00', 1),
	(1132, 264, 142, '2002-09-12 00:00:00', 1),
	(1259, 37, 166, '2002-10-18 00:00:00', 1),
	(1484, 489, 371, '2002-12-17 00:00:00', 1),
	(1406, 262, 514, '2003-04-07 00:00:00', 1),
	(1259, 265, 277, '2002-09-25 00:00:00', 1),
	(1132, 98, 456, '2002-04-09 00:00:00', 1),
	(1132, 370, 232, '2002-09-06 00:00:00', 1),
	(1483, 209, 391, '2002-09-04 00:00:00', 1),
	(1393, 99, 122, '2003-06-06 00:00:00', 1),
	(1490, 303, 289, '2002-04-12 00:00:00', 1),
	(1172, 378, 469, '2002-01-14 00:00:00', 1),
	(1331, 370, 232, '2003-07-08 00:00:00', 1),
	(1386, 209, 391, '2002-08-23 00:00:00', 1),
	(1133, 104, 256, '2002-10-18 00:00:00', 1),
	(1159, 169, 460, '2003-05-26 00:00:00', 1),
	(1167, 229, 122, '2002-01-18 00:00:00', 1),
	(1196, 525, 334, '2002-12-05 00:00:00', 1),
	(1197, 106, 375, '2002-07-02 00:00:00', 1),
	(1210, 545, 481, '2002-08-19 00:00:00', 1),
	(1132, 367, 285, '2002-08-23 00:00:00', 1),
	(1173, 576, 436, '2003-04-03 00:00:00', 1),
	(1272, 607, 191, '2002-08-23 00:00:00', 1),
	(1312, 312, 465, '2003-03-07 00:00:00', 1),
	(1307, 305, 514, '2003-01-20 00:00:00', 1),
	(1312, 474, 142, '2003-04-15 00:00:00', 1),
	(1369, 57, 256, '2002-09-27 00:00:00', 1),
	(1172, 658, 379, '2003-09-18 00:00:00', 1),
	(1400, 241, 142, '2002-09-24 00:00:00', 1),
	(1414, 356, 289, '2003-04-10 00:00:00', 1),
	(1426, 349, 379, '2002-12-06 00:00:00', 1),
	(1464, 146, 326, '2002-01-07 00:00:00', 1),
	(1490, 474, 501, '2002-11-25 00:00:00', 1),
	(1513, 429, 244, '2003-03-04 00:00:00', 1),
	(1127, 430, 277, '2002-10-15 00:00:00', 1),
	(1249, 349, 379, '2002-12-31 00:00:00', 1),
	(1272, 362, 411, '2002-06-07 00:00:00', 1),
	(1306, 594, 456, '2003-04-22 00:00:00', 1),
	(1324, 441, 469, '2003-01-22 00:00:00', 1),
	(1393, 357, 514, '2002-11-18 00:00:00', 1),
	(1471, 367, 195, '2003-02-21 00:00:00', 1),
	(1127, 430, 277, '2002-09-11 00:00:00', 1),
	(1152, 356, 289, '2002-12-04 00:00:00', 1),
	(1370, 474, 501, '2003-08-15 00:00:00', 1),
	(1439, 264, 142, '2002-11-04 00:00:00', 1),
	(1165, 583, 289, '2002-12-17 00:00:00', 1),
	(1406, 343, 244, '2003-02-18 00:00:00', 1),
	(1421, 238, 277, '2002-03-15 00:00:00', 1),
	(1357, 194, 330, '2003-06-06 00:00:00', 1),
	(1421, 98, 411, '2003-04-28 00:00:00', 1),
	(1267, 194, 330, '2003-01-24 00:00:00', 1),
	(1376, 241, 501, '2002-08-14 00:00:00', 1),
	(1498, 238, 277, '2003-05-19 00:00:00', 1),
	(1180, 194, 330, '2003-08-26 00:00:00', 1),
	(1370, 362, 456, '2002-11-20 00:00:00', 1),
	(1450, 241, 501, '2003-03-04 00:00:00', 1),
	(1259, 37, 166, '2003-05-19 00:00:00', 1),
	(1441, 99, 122, '2002-09-17 00:00:00', 1),
	(1222, 259, 244, '2002-10-30 00:00:00', 1),
	(1132, 98, 456, '2002-12-13 00:00:00', 1),
	(1312, 262, 514, '2002-11-22 00:00:00', 1),
	(1434, 37, 166, '2003-02-28 00:00:00', 1),
	(1132, 370, 232, '2003-02-11 00:00:00', 1),
	(1393, 489, 371, '2002-12-30 00:00:00', 1),
	(1312, 262, 514, '2003-01-23 00:00:00', 1),
	(1393, 99, 122, '2003-09-22 00:00:00', 1),
	(1351, 650, 334, '2002-09-20 00:00:00', 1),
	(1173, 98, 456, '2003-01-24 00:00:00', 1),
	(1312, 264, 501, '2003-01-03 00:00:00', 1),
	(1331, 259, 244, '2003-05-28 00:00:00', 1),
	(1441, 265, 277, '2003-01-07 00:00:00', 1),
	(1386, 209, 391, '2003-04-28 00:00:00', 1),
	(1331, 264, 501, '2002-08-15 00:00:00', 1),
	(1172, 303, 289, '2002-09-10 00:00:00', 1),
	(1441, 262, 514, '2002-12-17 00:00:00', 1),
	(1196, 525, 334, '2003-09-16 00:00:00', 1),
	(1363, 607, 191, '2002-12-27 00:00:00', 1),
	(1471, 349, 379, '2003-01-13 00:00:00', 1),
	(1439, 264, 142, '2002-11-12 00:00:00', 1),
	(1406, 343, 244, '2002-11-26 00:00:00', 1),
	(1357, 194, 330, '2003-03-28 00:00:00', 1),
	(1312, 98, 411, '2003-05-05 00:00:00', 1),
	(1450, 241, 501, '2003-03-20 00:00:00', 1),
	(1441, 99, 122, '2002-11-21 00:00:00', 1),
	(1434, 37, 166, '2003-03-03 00:00:00', 1),
	(1483, 37, 166, '2003-06-23 00:00:00', 1),
	(1331, 259, 244, '2003-01-09 00:00:00', 1),
	(1133, 104, 256, '2003-03-12 00:00:00', 1),
	(1173, 576, 436, '2003-01-27 00:00:00', 1),
	(1307, 305, 514, '2002-10-30 00:00:00', 1),
	(1363, 607, 191, '2003-04-10 00:00:00', 1),
	(1414, 356, 289, '2003-05-23 00:00:00', 1),
	(1471, 349, 379, '2002-09-19 00:00:00', 1),
	(1324, 441, 469, '2002-12-24 00:00:00', 1),
	(1312, 98, 411, '2002-09-17 00:00:00', 1),
	(1450, 241, 501, '2003-01-20 00:00:00', 1),
	(1441, 99, 122, '2003-08-20 00:00:00', 1),
	(1434, 37, 166, '2002-09-06 00:00:00', 1),
	(1483, 37, 166, '2003-04-18 00:00:00', 1),
	(1172, 303, 289, '2003-03-28 00:00:00', 1),
	(1197, 106, 375, '2003-06-03 00:00:00', 1),
	(1312, 312, 465, '2003-03-10 00:00:00', 1),
	(1513, 429, 244, '2003-05-09 00:00:00', 1),
	(1180, 194, 330, '2003-09-16 00:00:00', 1),
	(1450, 241, 501, '2003-04-10 00:00:00', 1),
	(1312, 262, 514, '2003-11-24 00:00:00', 1),
	(1441, 262, 514, '2003-03-18 00:00:00', 1),
	(1197, 106, 375, '2003-02-10 00:00:00', 1),
	(1400, 241, 142, '2003-06-27 00:00:00', 1),
	(1513, 429, 244, '2003-08-25 00:00:00', 1),
	(1180, 194, 330, '2003-09-12 00:00:00', 1),
	(1421, 98, 411, '2002-10-31 00:00:00', 1),
	(1450, 241, 501, '2003-03-25 00:00:00', 1),
	(1312, 262, 514, '2003-09-08 00:00:00', 1),
	(1312, 264, 501, '2003-09-22 00:00:00', 1),
	(1441, 262, 514, '2002-12-13 00:00:00', 1),
	(1312, 312, 465, '2003-02-26 00:00:00', 1),
	(1400, 241, 142, '2003-05-23 00:00:00', 1),
	(1180, 194, 330, '2003-01-21 00:00:00', 1),
	(1421, 98, 411, '2003-02-28 00:00:00', 1),
	(1312, 264, 501, '2003-03-19 00:00:00', 1),
	(1159, 169, 460, '2002-12-02 00:00:00', 1),
	(1172, 658, 379, '2002-06-11 00:00:00', 1),
	(1165, 583, 289, '2003-01-21 00:00:00', 1),
	(1259, 36, 166, '2002-12-12 00:00:00', 1),
	(1172, 650, 334, '2003-01-07 00:00:00', 1),
	(1159, 169, 460, '2003-03-18 00:00:00', 1),
	(1172, 658, 379, '2003-04-16 00:00:00', 1),
	(1165, 583, 289, '2003-10-28 00:00:00', 1),
	(1259, 37, 166, '2003-02-05 00:00:00', 1),
	(1172, 650, 334, '2002-11-29 00:00:00', 1),
	(1159, 169, 460, '2003-04-17 00:00:00', 1),
	(1172, 650, 334, '2003-02-28 00:00:00', 1),
	(1172, 658, 379, '2003-04-30 00:00:00', 1),
	(1165, 583, 289, '2003-09-12 00:00:00', 1),
	(1259, 37, 166, '2003-05-30 00:00:00', 1),
	(1172, 650, 334, '2003-08-22 00:00:00', 1);
/*!40000 ALTER TABLE `ispit` ENABLE KEYS */;


-- Dumping structure for procedure fakultet.izbor
DROP PROCEDURE IF EXISTS `izbor`;
DELIMITER //
CREATE DEFINER=`root`@`localhost` PROCEDURE `izbor`(IN `mini` INT, IN `maxi` INT)
    COMMENT 'vrati neki sql'
BEGIN
SELECT * FROM pred 
WHERE pred.upisanoStud BETWEEN mini AND maxi;
END//
DELIMITER ;


-- Dumping structure for table fakultet.migrations
DROP TABLE IF EXISTS `migrations`;
CREATE TABLE IF NOT EXISTS `migrations` (
  `migration` varchar(255) COLLATE utf8_unicode_ci NOT NULL,
  `batch` int(11) NOT NULL
) ENGINE=InnoDB DEFAULT CHARSET=utf8 COLLATE=utf8_unicode_ci;

-- Dumping data for table fakultet.migrations: ~2 rows (approximately)
DELETE FROM `migrations`;
/*!40000 ALTER TABLE `migrations` DISABLE KEYS */;
INSERT INTO `migrations` (`migration`, `batch`) VALUES
	('2014_10_12_000000_create_users_table', 1),
	('2014_10_12_100000_create_password_resets_table', 1),
	('2016_05_13_170224_create_flights_table', 1);
/*!40000 ALTER TABLE `migrations` ENABLE KEYS */;


-- Dumping structure for table fakultet.mjesto
DROP TABLE IF EXISTS `mjesto`;
CREATE TABLE IF NOT EXISTS `mjesto` (
  `pbr` int(11) NOT NULL,
  `nazMjesto` char(40) NOT NULL,
  `sifZupanija` smallint(6) DEFAULT NULL,
  PRIMARY KEY (`pbr`),
  KEY `sifZupanija` (`sifZupanija`),
  CONSTRAINT `mjesto_ibfk_1` FOREIGN KEY (`sifZupanija`) REFERENCES `zupanija` (`sifZupanija`)
) ENGINE=InnoDB DEFAULT CHARSET=utf8;

-- Dumping data for table fakultet.mjesto: ~273 rows (approximately)
DELETE FROM `mjesto`;
/*!40000 ALTER TABLE `mjesto` DISABLE KEYS */;
INSERT INTO `mjesto` (`pbr`, `nazMjesto`, `sifZupanija`) VALUES
	(10000, 'Zagreb', 21),
	(10010, 'Zagreb-Sloboština', 21),
	(10020, 'Zagreb-Novi Zagreb', 21),
	(10040, 'Zagreb-Dubrava', 21),
	(10090, 'Zagreb-Susedgrad', 21),
	(10250, 'Lučko', 1),
	(10255, 'Gornji Stupnik', 1),
	(10290, 'Zaprešić', 1),
	(10295, 'Kupljenovo', 1),
	(10310, 'Ivanić-Grad', 1),
	(10315, 'Novoselec', 1),
	(10340, 'Vrbovec', 1),
	(10345, 'Gradec', 1),
	(10360, 'Sesvete', 1),
	(10370, 'Dugo Selo', 1),
	(10380, 'Sveti Ivan Zelina', 21),
	(10410, 'Velika Gorica', 1),
	(10415, 'Novo Čiče', 1),
	(10430, 'Samobor', 1),
	(10435, 'Sveti Martin pod Okićem', 1),
	(10450, 'Jastrebarsko', 1),
	(10455, 'Kostanjevac', 1),
	(20000, 'Dubrovnik', 19),
	(20205, 'Topolo', 19),
	(20210, 'Cavtat', 19),
	(20215, 'Gruda', 19),
	(20225, 'Babino Polje', 19),
	(20230, 'Ston', 19),
	(20235, 'Zaton Veliki', 19),
	(20240, 'Trpanj', 19),
	(20242, 'Oskorušno', 19),
	(20245, 'Trstenik', 19),
	(20250, 'Orebić', 19),
	(20260, 'Korčula', 19),
	(20270, 'Vela Luka', 19),
	(20275, 'Žrnovo', 19),
	(20290, 'Lastovo', 19),
	(20340, 'Ploče', 19),
	(20345, 'Staševica', 19),
	(20350, 'Metković', 19),
	(20355, 'Opuzen', 19),
	(21000, 'Split', 17),
	(21205, 'Donji Dolac', 17),
	(21210, 'Solin', 17),
	(21215, 'Kaštel Lukšić', 17),
	(21220, 'Trogir', 17),
	(21225, 'Drvenik Veliki', 17),
	(21230, 'Sinj', 17),
	(21232, 'Dicmo', 17),
	(21235, 'Otišić', 17),
	(21240, 'Trilj', 17),
	(21245, 'Tijarica', 17),
	(21250, 'Šestanovac', 17),
	(21255, 'Zadvarje', 17),
	(21260, 'Imotski', 17),
	(21265, 'Studenci', 17),
	(21270, 'Zagvozd', 17),
	(21275, 'Dragljane', 17),
	(21300, 'Makarska', 17),
	(21310, 'Omiš', 17),
	(21315, 'Dugi Rat', 17),
	(21320, 'Baška Voda', 17),
	(21325, 'Tučepi', 17),
	(21330, 'Gradac', 17),
	(21335, 'Podaca', 17),
	(21400, 'Supetar', 17),
	(21405, 'Milna', 17),
	(21410, 'Postira', 17),
	(21420, 'Bol', 17),
	(21425, 'Selca', 17),
	(21430, 'Grohote', 17),
	(21450, 'Hvar', 17),
	(21460, 'Stari Grad', 17),
	(21465, 'Jelsa', 17),
	(21480, 'Vis', 17),
	(21485, 'Komiža', 17),
	(22000, 'Šibenik', 15),
	(22010, 'Šibenik-Brodarica', 15),
	(22020, 'Šibenik-Ražine', 15),
	(22030, 'Šibenik-Zablaće', 15),
	(22205, 'Perković', 15),
	(22215, 'Zaton', 15),
	(22235, 'Kaprije', 15),
	(22240, 'Tisno', 15),
	(22300, 'Knin', 15),
	(22305, 'Kistanje', 15),
	(22310, 'Kijevo', 15),
	(22320, 'Drniš', 15),
	(23000, 'Zadar', 13),
	(23205, 'Bibinje', 13),
	(23210, 'Biograd na moru', 13),
	(23235, 'Vrsi', 13),
	(23245, 'Tribanj', 13),
	(23250, 'Pag', 13),
	(23275, 'Ugljan', 13),
	(23285, 'Brbinj', 13),
	(23295, 'Silba', 13),
	(23420, 'Benkovac', 13),
	(23440, 'Gračac', 13),
	(23445, 'Srb', 13),
	(23450, 'Obrovac', 13),
	(31000, 'Osijek', 14),
	(31205, 'Aljmaš', 14),
	(31215, 'Ernestinovo', 14),
	(31220, 'Višnjevac', 14),
	(31225, 'Breznica Našička', 14),
	(31300, 'Beli Manastir', 14),
	(31301, 'Branjin Vrh', 14),
	(31305, 'Draž', 14),
	(31315, 'Karanac', 14),
	(31325, 'Čeminac', 14),
	(31400, 'Đakovo', 14),
	(31410, 'Strizivojna', 14),
	(31415, 'Selci Đakovački', 14),
	(31500, 'Našice', 14),
	(31530, 'Podravska Moslavina', 14),
	(31531, 'Viljevo', 14),
	(31540, 'Donji Miholjac', 14),
	(31550, 'Valpovo', 14),
	(31555, 'Marijanci', 14),
	(32000, 'Vukovar', 16),
	(32100, 'Vinkovci', 16),
	(32225, 'Bobota', 16),
	(32235, 'Bapska', 16),
	(32240, 'Mirkovci', 16),
	(32245, 'Nijemci', 16),
	(32255, 'Soljani', 16),
	(32260, 'Gunja', 16),
	(32270, 'Županja', 16),
	(32275, 'Bošnjaci', 16),
	(32280, 'Jarmina', 16),
	(33000, 'Virovitica', 10),
	(33333, 'trice', 13),
	(33405, 'Pitomača', 10),
	(33410, 'Suhopolje', 10),
	(33515, 'Orahovica', 10),
	(33520, 'Slatina', 10),
	(33525, 'Sopje', 10),
	(34000, 'Požega', 11),
	(34310, 'Pleternica', 11),
	(34315, 'Ratkovica', 11),
	(34320, 'Orljavac', 11),
	(34330, 'Velika', 11),
	(34335, 'Vetovo', 11),
	(34340, 'Kutjevo', 11),
	(34350, 'Čaglin', 11),
	(34550, 'Pakrac', 11),
	(35000, 'Slavonski Brod', 12),
	(35210, 'Vrpolje', 12),
	(35215, 'Svilaj', 12),
	(35220, 'Slavonski Šamac', 12),
	(35250, 'Oriovac', 12),
	(35255, 'Slavonski Kobaš', 12),
	(35400, 'Nova Gradiška', 12),
	(35420, 'Staro Petrovo Selo', 12),
	(35425, 'Davor', 12),
	(35430, 'Okučani', 12),
	(35435, 'Stara Gradiška', 12),
	(40000, 'Čakovec', 20),
	(40305, 'Nedelišče', 20),
	(40315, 'Mursko Središče', 20),
	(40320, 'Donji Kraljevec', 20),
	(40325, 'Draškovec', 20),
	(42000, 'Varaždin', 5),
	(42205, 'Vidovec', 5),
	(42220, 'Novi Marof', 5),
	(42225, 'Breznički Hum', 5),
	(42230, 'Ludbreg', 5),
	(42240, 'Ivanec', 5),
	(42245, 'Donja Voća', 5),
	(42250, 'Lepoglava', 5),
	(42255, 'Donja Višnjica', 5),
	(43000, 'Bjelovar', 7),
	(43240, 'Čazma', 7),
	(43245, 'Gornji Draganec', 7),
	(43270, 'Veliki Grđevac', 7),
	(43271, 'Velika Pisanica', 7),
	(43280, 'Garešnica', 7),
	(43285, 'Velika Trnovitica', 7),
	(43290, 'Grubišno Polje', 7),
	(43500, 'Daruvar', 7),
	(43505, 'Končanica', 7),
	(43531, 'Veliki Bastaji', 7),
	(44000, 'Sisak', 3),
	(44010, 'Sisak-Caprag', 3),
	(44205, 'Donja Bačuga', 3),
	(44210, 'Sunja', 3),
	(44250, 'Petrinja', 3),
	(44271, 'Letovanić', 3),
	(44320, 'Kutina', 3),
	(44325, 'Krapje', 3),
	(44330, 'Novska', 3),
	(44400, 'Glina', 3),
	(44405, 'Mali Gradac', 3),
	(44410, 'Gvozd', 3),
	(44415, 'Topusko', 3),
	(44425, 'Gornja Bučica', 3),
	(44430, 'Hrvatska Kostajnica', 3),
	(44435, 'Divuša', 3),
	(44440, 'Dvor', 3),
	(44450, 'Hrvatska Dubica', 3),
	(47000, 'Karlovac', 4),
	(47201, 'Draganići', 4),
	(47205, 'Vukmanić', 4),
	(47220, 'Vojnić', 4),
	(47240, 'Slunj', 4),
	(47245, 'Rakovica', 4),
	(47250, 'Duga Resa', 4),
	(47251, 'Bosiljevo', 4),
	(47280, 'Ozalj', 4),
	(47285, 'Radatovići', 4),
	(47300, 'Ogulin', 4),
	(47302, 'Oštarije', 4),
	(47305, 'Lička Jesenica', 4),
	(48000, 'Koprivnica', 6),
	(48260, 'Križevci', 6),
	(48265, 'Raven', 6),
	(48305, 'Reka', 6),
	(48325, 'Novigrad Podravski', 6),
	(48350, 'Đurđevac', 6),
	(48355, 'Novo Virje', 6),
	(49000, 'Krapina', 2),
	(49210, 'Zabok', 2),
	(49215, 'Tuhelj', 2),
	(49225, 'Đurmanec', 2),
	(49240, 'Donja Stubica', 2),
	(49245, 'Gornja Stubica', 2),
	(49250, 'Zlatar', 2),
	(49255, 'Novi Golubovec', 2),
	(49290, 'Klanjec', 2),
	(49295, 'Kumrovec', 2),
	(51000, 'Rijeka', 8),
	(51211, 'Matulji', 8),
	(51215, 'Kastav', 8),
	(51225, 'Praputnjak', 8),
	(51250, 'Novi Vinodolski', 8),
	(51251, 'Ledenice', 8),
	(51260, 'Crikvenica', 8),
	(51265, 'Dramalj', 8),
	(51280, 'Rab', 8),
	(51300, 'Delnice', 8),
	(51305, 'Tršće', 8),
	(51315, 'Mrkopalj', 8),
	(51325, 'Moravice', 8),
	(51410, 'Opatija', 8),
	(51415, 'Lovran', 8),
	(51500, 'Krk', 8),
	(51515, 'Šilo', 8),
	(51550, 'Mali Lošinj', 8),
	(51555, 'Belej', 8),
	(52000, 'Pazin', 18),
	(52100, 'Pula', 18),
	(52210, 'Rovinj (Rovigno)', 18),
	(52215, 'Vodnjan (Dignano)', 18),
	(52220, 'Labin', 18),
	(52420, 'Buzet', 18),
	(52425, 'Roč', 18),
	(52440, 'Poreč', 18),
	(52445, 'Baderna', 18),
	(52450, 'Vrsar', 18),
	(52460, 'Buje (Buie)', 18),
	(52465, 'Tar', 18),
	(52470, 'Umag (Umago)', 18),
	(52475, 'Savudrija (Salvore)', 18),
	(53000, 'Gospić', 9),
	(53205, 'Medak', 9),
	(53220, 'Otočac', 9),
	(53225, 'Švica', 9),
	(53230, 'Korenica', 9),
	(53235, 'Bunić', 9),
	(53250, 'Donji Lapac', 9),
	(53260, 'Brinje', 9),
	(53270, 'Senj', 9),
	(53285, 'Lukovo', 9);
/*!40000 ALTER TABLE `mjesto` ENABLE KEYS */;


-- Dumping structure for table fakultet.mjesto1
DROP TABLE IF EXISTS `mjesto1`;
CREATE TABLE IF NOT EXISTS `mjesto1` (
  `pbr` int(11) NOT NULL,
  `nazMjesto` char(40) NOT NULL,
  `sifZupanija` smallint(6) DEFAULT NULL,
  `mojfile` mediumblob
) ENGINE=InnoDB DEFAULT CHARSET=utf8 ROW_FORMAT=COMPACT;

-- Dumping data for table fakultet.mjesto1: ~294 rows (approximately)
DELETE FROM `mjesto1`;
/*!40000 ALTER TABLE `mjesto1` DISABLE KEYS */;
INSERT INTO `mjesto1` (`pbr`, `nazMjesto`, `sifZupanija`, `mojfile`) VALUES
	(10000, 'Zagreb', 21, _binary 0x323031362D30322D32342031373A35333A34302E363936367C5741524E7C7468726561643A20317C5374616E64617264557365724572726F72737C53686F77696E672075736572206572726F7220596F75206D69676874206E65656420746F206F70656E2061207368656C6C20616E6420646562756720746865207374617465206F662074686973207265706F2E0D0A53797374656D2E436F6D706F6E656E744D6F64656C2E57696E3332457863657074696F6E202830783830303034303035293A20546869732070726F6772616D20697320626C6F636B65642062792067726F757020706F6C6963792E20466F72206D6F726520696E666F726D6174696F6E2C20636F6E7461637420796F75722073797374656D2061646D696E6973747261746F720D0A20202061742053797374656D2E446961676E6F73746963732E50726F636573732E53746172745769746843726561746550726F636573732850726F636573735374617274496E666F207374617274496E666F290D0A20202061742053797374656D2E446961676E6F73746963732E50726F636573732E537461727428290D0A2020206174204769744875622E494F2E50726F63657373577261707065722E537461727428290D0A2020206174204769744875622E494F2E4F627365727661626C6550726F636573732E2E63746F72284950726F636573732070726F636573732C20426F6F6C65616E207468726F774F6E4E6F6E5A65726F45786974436F6465290D0A323031362D30322D32342031373A35333A30382E343737387C494E464F7C7468726561643A20317C436F6D6D616E644C696E6548616E646C65727C50617273696E6720636F6D6D616E64206C696E6520617267756D656E74733A0D0A323031362D30322D32342031373A35333A30382E353030387C494E464F7C7468726561643A20317C436F6D6D616E644C696E6548616E646C65727C556E70726F63657373656420617267733A200D0A323031362D30322D32342031373A35333A30382E353030387C494E464F7C7468726561643A20317C417070496E7374616E6365436F6D6D756E696361746F727C416E20696E7374616E6365206F6620476974487562204465736B746F7020697320616C72656164792072756E6E696E672E20436865636B696E6720746F207365652069662077652073686F756C64207061737320636F6E74726F6C2E2E2E0D0A323031362D30322D32342031373A35333A30382E353030387C494E464F7C7468726561643A20317C417070496E7374616E6365436F6D6D756E696361746F727C4E6F7420612063616C6C20746F20636C6F6E65206F72206F70656E2061207265706F2C20736F206A7573742072756E207468652061707020617320757375616C2E0D0A323031362D30322D32342031373A35333A30382E353232387C494E464F7C7468726561643A20347C537461727475704C6F6767696E677C2023232323232323232323232323232323232323232323232323232323232323232323232323232323230D0A323031362D30322D32342031373A35333A30382E353232387C494E464F7C7468726561643A20347C537461727475704C6F6767696E677C20476974487562204465736B746F7020737461727465642E2056455253494F4E3A20332E302E31322E300D0A323031362D30322D32342031373A35333A30382E353232387C494E464F7C7468726561643A20347C537461727475704C6F6767696E677C204275696C642076657273696F6E3A20633432666631316663623238313732623436303535313533613732613732653431663232353963360D0A323031362D30322D32342031373A35333A30382E353232387C494E464F7C7468726561643A20347C537461727475704C6F6767696E677C202A2A2A2A2A2A2A2A2A2A2A2A2A2A2A2A2A2A2A2A2A2A2A2A2A2A2A2A2A2A2A2A2A2A2A2A2A2A2A0D0A323031362D30322D32342031373A35333A30382E353232387C494E464F7C7468726561643A20347C537461727475704C6F6767696E677C202A2A2A2020202020202020202020202020202020202020202020202020202020202020202A2A2A0D0A323031362D30322D32342031373A35333A30382E353232387C494E464F7C7468726561643A20347C537461727475704C6F6767696E677C202A2A2A2020202020202020202020202020202020202020202020202020202020202020202A2A2A0D0A323031362D30322D32342031373A35333A30382E353232387C494E464F7C7468726561643A20347C537461727475704C6F6767696E677C202A2A2A20202020202020204861766520612070726F626C656D3F202020202020202020202A2A2A0D0A323031362D30322D32342031373A35333A30382E353232387C494E464F7C7468726561643A20347C537461727475704C6F6767696E677C202A2A2A20202020456D61696C20737570706F7274406769746875622E636F6D20202020202A2A2A0D0A323031362D30322D32342031373A35333A30382E353232387C494E464F7C7468726561643A20347C537461727475704C6F6767696E677C202A2A2A202020202020616E6420696E636C75646520746869732066696C652020202020202A2A2A0D0A323031362D30322D32342031373A35333A30382E353232387C494E464F7C7468726561643A20347C537461727475704C6F6767696E677C202A2A2A2020202020202020202020202020202020202020202020202020202020202020202A2A2A0D0A323031362D30322D32342031373A35333A30382E353232387C494E464F7C7468726561643A20347C537461727475704C6F6767696E677C202A2A2A2020202020202020202020202020202020202020202020202020202020202020202A2A2A0D0A323031362D30322D32342031373A35333A30382E353232387C494E464F7C7468726561643A20347C537461727475704C6F6767696E677C202A2A2A2A2A2A2A2A2A2A2A2A2A2A2A2A2A2A2A2A2A2A2A2A2A2A2A2A2A2A2A2A2A2A2A2A2A2A2A0D0A323031362D30322D32342031373A35333A30382E353232387C494E464F7C7468726561643A20347C537461727475704C6F6767696E677C204F532056657273696F6E3A2057696E646F777320372053657276696365205061636B203120362E312E373630312E363535333620616D6436340D0A323031362D30322D32342031373A35333A30382E353232387C494E464F7C7468726561643A20347C537461727475704C6F6767696E677C20434C522056657273696F6E3A20342E302E33303331392E31383434340D0A323031362D30322D32342031373A35333A30382E353232387C494E464F7C7468726561643A20347C537461727475704C6F6767696E677C2043757272656E742063756C747572653A2068722D48520D0A323031362D30322D32342031373A35333A30382E353232387C494E464F7C7468726561643A20347C537461727475704C6F6767696E677C20456E7669726F6E6D656E742E43757272656E744469726563746F72793A20433A5C55736572735C706D727669635C417070446174615C4C6F63616C5C417070735C322E305C474A3858334C594A2E544E4C5C37324F48334E30502E314A545C676974682E2E74696F6E5F333137343434323733613933616332395F303030332E303030305F323061336466613462613862613839340D0A323031362D30322D32342031373A35333A30382E353232387C494E464F7C7468726561643A20347C537461727475704C6F6767696E677C2063757272656E7450726F636573732E5374617274496E666F2E576F726B696E674469726563746F72793A200D0A323031362D30322D32342031373A35333A30382E353232387C494E464F7C7468726561643A20347C537461727475704C6F6767696E677C205465726D696E616C2053657276696365732073657373696F6E3A206E6F0D0A323031362D30322D32342031373A35333A30382E353232387C494E464F7C7468726561643A20347C537461727475704C6F6767696E677C204C6F636174696F6E3A20433A5C55736572735C706D727669635C417070446174615C4C6F63616C5C417070735C322E305C474A3858334C594A2E544E4C5C37324F48334E30502E314A545C676974682E2E74696F6E5F333137343434323733613933616332395F303030332E303030305F323061336466613462613862613839345C4769744875622E6578650D0A323031362D30322D32342031373A35333A30382E353531387C494E464F7C7468726561643A20347C537461727475704C6F6767696E677C2041637469766174696F6E5572693A2068747470733A2F2F6769746875622D77696E646F77732E73332E616D617A6F6E6177732E636F6D2F4769744875622E6170706C69636174696F6E0D0A323031362D30322D32342031373A35333A30382E353531387C494E464F7C7468726561643A20347C537461727475704C6F6767696E677C2053797374656D2E456E7669726F6E6D656E742E436F6D6D616E644C696E653A20433A5C55736572735C706D727669635C417070446174615C4C6F63616C5C417070735C322E305C474A3858334C594A2E544E4C5C37324F48334E30502E314A545C676974682E2E74696F6E5F333137343434323733613933616332395F303030332E303030305F323061336466613462613862613839345C4769744875622E6578650D0A323031362D30322D32342031373A35333A30382E353730387C494E464F7C7468726561643A20347C476974456E7669726F6E6D656E747C50726F63657373207365742075702077697468207468697320535348204167656E7420696E666F3A20286E756C6C293A286E756C6C290D0A323031362D30322D32342031373A35333A30382E353730387C494E464F7C7468726561643A20347C476974456E7669726F6E6D656E747C5041544820697320433A5C55736572735C706D727669635C417070446174615C4C6F63616C5C4769744875625C506F727461626C654769745F633765306362646539326261353635636232313861353231343131643065383534303739613238635C636D643B433A5C55736572735C706D727669635C417070446174615C4C6F63616C5C4769744875625C506F727461626C654769745F633765306362646539326261353635636232313861353231343131643065383534303739613238635C7573725C62696E3B433A5C55736572735C706D727669635C417070446174615C4C6F63616C5C4769744875625C506F727461626C654769745F633765306362646539326261353635636232313861353231343131643065383534303739613238635C7573725C73686172655C6769742D7466733B433A5C55736572735C706D727669635C417070446174615C4C6F63616C5C417070735C322E305C474A3858334C594A2E544E4C5C37324F48334E30502E314A545C676974682E2E74696F6E5F333137343434323733613933616332395F303030332E303030305F323061336466613462613862613839343B433A5C55736572735C706D727669635C417070446174615C4C6F63616C5C4769744875625C6C66732D616D6436345F312E312E303B433A5C57696E646F77735C4D6963726F736F66742E4E45545C4672616D65776F726B5C76342E302E33303331393B433A5C57696E646F77735C73797374656D33323B433A5C57696E646F77733B433A5C57696E646F77735C53797374656D33325C5762656D3B433A5C57696E646F77735C53797374656D33325C57696E646F7773506F7765725368656C6C5C76312E305C3B433A5C50726F6772616D2046696C65732028783836295C41544920546563686E6F6C6F676965735C4154492E4143455C436F72652D5374617469633B433A5C50726F6772616D2046696C65732028783836295C536B7970655C50686F6E655C0D0A323031362D30322D32342031373A35333A30382E353730387C494E464F7C7468726561643A20347C537461727475704C6F6767696E677C203D3D3D3D3D3D3D3D3D3D3D3D3D3D3D3D3D3D3D3D3D3D3D3D3D3D3D3D3D3D3D3D3D3D3D3D3D3D3D3D3D3D3D3D3D3D3D3D3D3D3D3D3D0D0A323031362D30322D32342031373A35333A30382E353730387C494E464F7C7468726561643A20347C537461727475704C6F6767696E677C2020444941474E4F5354494353202020202020202020202020202020202020202020202020202020202020202020202020202020207C0D0A323031362D30322D32342031373A35333A30382E353730387C494E464F7C7468726561643A20347C537461727475704C6F6767696E677C203D3D3D3D3D3D3D3D3D3D3D3D3D3D3D3D3D3D3D3D3D3D3D3D3D3D3D3D3D3D3D3D3D3D3D3D3D3D3D3D3D3D3D3D3D3D3D3D3D3D3D3D3D0D0A323031362D30322D32342031373A35333A30382E353730387C494E464F7C7468726561643A20347C537461727475704C6F6767696E677C20476974204578747261637465643A2027547275653A0D0A323031362D30322D32342031373A35333A30382E353730387C494E464F7C7468726561643A20347C537461727475704C6F6767696E677C20506F727461626C6547697420446972204578697374733A2027433A5C55736572735C706D727669635C417070446174615C4C6F63616C5C4769744875625C506F727461626C654769745F63376530636264653932626135363563623231386135323134313164306538353430373961323863270D0A323031362D30322D32342031373A35333A30382E353739387C494E464F7C7468726561643A20347C537461727475704C6F6767696E677C204769742045786563757461626C65204578697374733A2027433A5C55736572735C706D727669635C417070446174615C4C6F63616C5C4769744875625C506F727461626C654769745F633765306362646539326261353635636232313861353231343131643065383534303739613238635C636D645C6769742E657865270D0A323031362D30322D32342031373A35333A30382E353739387C494E464F7C7468726561643A20347C537461727475704C6F6767696E677C202D2D2D2D2D2D2D2D2D2D2D2D2D2D2D2D2D2D2D2D2D2D2D2D2D2D2D2D2D2D2D2D2D2D2D2D2D2D2D2D2D2D2D2D2D2D2D2D2D2D2D2D0D0A323031362D30322D32342031373A35333A30382E353739387C494E464F7C7468726561643A20347C537461727475704C6F6767696E677C20504154483A20433A5C57696E646F77735C73797374656D33323B433A5C57696E646F77733B433A5C57696E646F77735C53797374656D33325C5762656D3B433A5C57696E646F77735C53797374656D33325C57696E646F7773506F7765725368656C6C5C76312E305C3B433A5C50726F6772616D2046696C65732028783836295C41544920546563686E6F6C6F676965735C4154492E4143455C436F72652D5374617469633B433A5C50726F6772616D2046696C65732028783836295C536B7970655C50686F6E655C0D0A323031362D30322D32342031373A35333A30382E363032387C494E464F7C7468726561643A20317C486172647761726552656E646572696E6748656C7065727C596F757220766964656F2063617264206170706561727320746F20737570706F72742068617264776172652072656E646572696E672E20496620746869732069736E277420746865206361736520616E6420796F752073656520676C6974636865730D0A323031362D30322D32342031373A35333A30382E363032387C494E464F7C7468726561643A20317C486172647761726552656E646572696E6748656C7065727C736574207468652047485F464F5243455F53575F52454E444552494E4720656E7669726F6E6D656E74207661726961626C6520746F20310D0A323031362D30322D32342031373A35333A30382E363132387C494E464F7C7468726561643A20347C537461727475704C6F676765727C50726F787920696E666F726D6174696F6E3A20284E6F6E65290D0A323031362D30322D32342031373A35333A30382E363132387C494E464F7C7468726561643A20347C537461727475704C6F676765727C436F756C646E277420666574636820637265647320666F722070726F78790D0A323031362D30322D32342031373A35333A30382E363231387C494E464F7C7468726561643A20317C4170707C436865636B696E672077686574686572206170706C69636174696F6E206973206E6574776F726B206465706C6F7965643A20547275650D0A323031362D30322D32342031373A35333A30382E363231387C494E464F7C7468726561643A20317C4170707C53686F727463757420433A5C55736572735C706D727669635C417070446174615C4C6F63616C5C4769744875625C4769744875622E6170707265662D6D73206578697374733F20547275650D0A323031362D30322D32342031373A35333A30382E363832387C494E464F7C7468726561643A20317C436C69636B4F6E636541707049636F6E48656C7065727C5570646174696E672072656769737472792077697468206F7572206170706C69636174696F6E2069636F6E2027433A5C55736572735C706D727669635C417070446174615C4C6F63616C5C417070735C322E305C474A3858334C594A2E544E4C5C37324F48334E30502E314A545C676974682E2E74696F6E5F333137343434323733613933616332395F303030332E303030305F323061336466613462613862613839345C496D616765735C4170702E69636F270D0A323031362D30322D32342031373A35333A30392E353332387C494E464F7C7468726561643A20347C506F727461626C655061636B6167654D616E616765727C416C72656164792065787472616374656420506F727461626C654769742E377A2C2072657475726E696E6720313030250D0A323031362D30322D32342031373A35333A30392E363633387C494E464F7C7468726561643A20347C4D7379734769744365727469666963617465496E7374616C6C65727C466F756E642063657274696669636174652063616368652C206C6F6164656420313536206365727469666963617465730D0A323031362D30322D32342031373A35333A30392E363637387C494E464F7C7468726561643A20347C4D7379734769744365727469666963617465496E7374616C6C65727C437265617465642063657274696669636174652062756E646C6520776974682031373520656E74726965730D0A323031362D30322D32342031373A35333A30392E373335387C494E464F7C7468726561643A20347C5374617274757053657175656E63657C546F6F6B203232326D7320746F205570646174652063657274696669636174652062756E646C652066726F6D2073797374656D2073746F72650D0A323031362D30322D32342031373A35333A31302E383438397C494E464F7C7468726561643A20317C436F6D6D616E644C696E65546F6F6C73457874726163746F727C506F727461626C652047697420616E6420476974204C46532061726520616C7265616479206578747261637465640D0A323031362D30322D32342031373A35333A31302E383533397C494E464F7C7468726561643A20317C476974436C69656E747C496E7374616C6C696E6720676974206C66732066696C746572730D0A323031362D30322D32342031373A35333A31302E383533397C494E464F7C7468726561643A20317C476974456E7669726F6E6D656E747C50726F63657373207365742075702077697468207468697320535348204167656E7420696E666F3A20286E756C6C293A286E756C6C290D0A323031362D30322D32342031373A35333A31302E383533397C494E464F7C7468726561643A20317C476974456E7669726F6E6D656E747C5041544820697320433A5C55736572735C706D727669635C417070446174615C4C6F63616C5C4769744875625C506F727461626C654769745F633765306362646539326261353635636232313861353231343131643065383534303739613238635C636D643B433A5C55736572735C706D727669635C417070446174615C4C6F63616C5C4769744875625C506F727461626C654769745F633765306362646539326261353635636232313861353231343131643065383534303739613238635C7573725C62696E3B433A5C55736572735C706D727669635C417070446174615C4C6F63616C5C4769744875625C506F727461626C654769745F633765306362646539326261353635636232313861353231343131643065383534303739613238635C7573725C73686172655C6769742D7466733B433A5C55736572735C706D727669635C417070446174615C4C6F63616C5C417070735C322E305C474A3858334C594A2E544E4C5C37324F48334E30502E314A545C676974682E2E74696F6E5F333137343434323733613933616332395F303030332E303030305F323061336466613462613862613839343B433A5C55736572735C706D727669635C417070446174615C4C6F63616C5C4769744875625C6C66732D616D6436345F312E312E303B433A5C57696E646F77735C4D6963726F736F66742E4E45545C4672616D65776F726B5C76342E302E33303331393B433A5C57696E646F77735C53797374656D33320D0A323031362D30322D32342031373A35333A31302E383735397C494E464F7C7468726561643A20317C50726F63657373577261707065727C5374617274696E673A2050726F63657373202D2046696C654E616D653A2027433A5C55736572735C706D727669635C417070446174615C4C6F63616C5C4769744875625C506F727461626C654769745F633765306362646539326261353635636232313861353231343131643065383534303739613238635C636D645C6769742E657865272C20417267733A20276C667320696E7374616C6C202D2D666F72636520272C20576F726B696E67204469726563746F72793A20433A5C55736572735C706D727669635C417070446174615C4C6F63616C5C54656D705C0D0A323031362D30322D32342031373A35333A31302E393138397C4552524F527C7468726561643A20317C50726F63657373577261707065727C457863657074696F6E207468726F776E207768696C652072756E6E696E672074686520666F6C6C6F77696E6720636F6D6D616E643A2027433A5C55736572735C706D727669635C417070446174615C4C6F63616C5C4769744875625C506F727461626C654769745F633765306362646539326261353635636232313861353231343131643065383534303739613238635C636D645C6769742E657865206C667320696E7374616C6C202D2D666F72636520270D0A323031362D30322D32342031373A35333A31302E393138397C4552524F527C7468726561643A20317C436F6D6D616E644C696E65546F6F6C73457874726163746F727C4572726F722073657474696E6720676C6F62616C20736D7564676520616E6420636C65616E2066696C746572730D0A53797374656D2E436F6D706F6E656E744D6F64656C2E57696E3332457863657074696F6E202830783830303034303035293A20546869732070726F6772616D20697320626C6F636B65642062792067726F757020706F6C6963792E20466F72206D6F726520696E666F726D6174696F6E2C20636F6E7461637420796F75722073797374656D2061646D696E6973747261746F720D0A20202061742053797374656D2E446961676E6F73746963732E50726F636573732E53746172745769746843726561746550726F636573732850726F636573735374617274496E666F207374617274496E666F290D0A20202061742053797374656D2E446961676E6F73746963732E50726F636573732E537461727428290D0A2020206174204769744875622E494F2E50726F63657373577261707065722E537461727428290D0A2020206174204769744875622E494F2E4F627365727661626C6550726F636573732E2E63746F72284950726F636573732070726F636573732C20426F6F6C65616E207468726F774F6E4E6F6E5A65726F45786974436F6465290D0A323031362D30322D32342031373A35333A31302E393436397C494E464F7C7468726561643A20317C526561637469766553637265656E7C41637469766174696E67204769744875622E566965774D6F64656C732E5368656C6C566965774D6F64656C2E0D0A323031362D30322D32342031373A35333A31302E393436397C494E464F7C7468726561643A20317C526561637469766553637265656E7C41637469766174696E67204769744875622E566965774D6F64656C732E44617368626F617264566965774D6F64656C2E0D0A323031362D30322D32342031373A35333A31322E303333307C494E464F7C7468726561643A20317C506F727461626C655061636B6167654D616E616765727C416C7265616479206578747261637465642067697469676E6F72652E377A2C2072657475726E696E6720313030250D0A323031362D30322D32342031373A35333A31322E363931307C5741524E7C7468726561643A31317C4C6F67696E43616368657C436F756C64206E6F7420676574206C6F67696E20666F7220686F737420274769744875622E486F737441646472657373270D0A53797374656D2E436F6C6C656374696F6E732E47656E657269632E4B65794E6F74466F756E64457863657074696F6E3A2054686520676976656E206B657920276C6F67696E3A6E756C6C2720776173206E6F742070726573656E7420696E207468652063616368652E0D0A323031362D30322D32342031373A35333A31332E363833317C494E464F7C7468726561643A20317C5265706F7369746F7279486F73747C4C6F6720696E2066726F6D20636163686520666F72206C6F67696E20276D727669632720746F20686F7374202768747470733A2F2F6170692E6769746875622E636F6D2F27205355434345454445440D0A323031362D30322D32342031373A35333A31332E373334317C494E464F7C7468726561643A32307C4170706C69636174696F6E5368656C6C496E697469616C697A65727C52756E6E696E6720706F7374206C6F67696E207461736B732E207E2F2E676974636F6E66696720697320736574207570207769746820757365722E6E616D65203D20276D727669632720616E6420757365722E656D61696C203D20276D727669632E7072656472616740676D61696C2E636F6D270D0A323031362D30322D32342031373A35333A31332E373630317C494E464F7C7468726561643A20357C53534850726F636573734D616E616765727C5374617274696E67207373682D6167656E742E6578650D0A323031362D30322D32342031373A35333A31332E373730317C494E464F7C7468726561643A20357C506F727461626C655061636B6167654D616E616765727C416C726561647920657874726163746564206C66732D616D6436342E377A2C2072657475726E696E6720313030250D0A323031362D30322D32342031373A35333A31332E383331317C4552524F527C7468726561643A20357C52656D6F74655353484B6579436861696E7C4661696C656420746F2073657420757020535348204167656E740D0A53797374656D2E416767726567617465457863657074696F6E3A204F6E65206F72206D6F7265206572726F7273206F636375727265642E202D2D2D3E2053797374656D2E436F6D706F6E656E744D6F64656C2E57696E3332457863657074696F6E3A20546869732070726F6772616D20697320626C6F636B65642062792067726F757020706F6C6963792E20466F72206D6F726520696E666F726D6174696F6E2C20636F6E7461637420796F75722073797374656D2061646D696E6973747261746F720D0A2020206174204769744875622E506F727461626C654769742E48656C706572732E53534850726F636573734D616E616765722E4372656174655373684167656E7450726F6365737328537472696E672066696C654E616D652C20537472696E6720617267756D656E74732C20537472696E672063757272656E744469726563746F7279290D0A2020206174204769744875622E506F727461626C654769742E48656C706572732E53534850726F636573734D616E616765722E3C3E635F5F446973706C6179436C617373312E3C53746172745373684167656E743E625F5F3028556E6974205F290D0A20202061742053797374656D2E52656163746976652E4C696E712E4F627365727661626C65496D706C2E53656C65637460322E5F2E4F6E4E6578742854536F757263652076616C7565290D0A2020202D2D2D20456E64206F6620696E6E657220657863657074696F6E20737461636B207472616365202D2D2D0D0A20202061742053797374656D2E546872656164696E672E5461736B732E5461736B2E5468726F774966457863657074696F6E616C28426F6F6C65616E20696E636C7564655461736B43616E63656C6564457863657074696F6E73290D0A20202061742053797374656D2E546872656164696E672E5461736B732E5461736B2E5761697428496E743332206D696C6C697365636F6E647354696D656F75742C2043616E63656C6C6174696F6E546F6B656E2063616E63656C6C6174696F6E546F6B656E290D0A2020206174204769744875622E506F727461626C654769742E48656C706572732E5353484B657948656C7065722E3C3E635F5F446973706C6179436C617373652E3C53746172745373684167656E743E625F5F6228290D0A20202061742053797374656D2E52656163746976652E4C696E712E51756572794C616E67756167652E3C3E635F5F446973706C6179436C6173733133622E3C3E635F5F446973706C6179436C6173733133642E3C546F4173796E633E625F5F31336128290D0A2D2D2D3E2028496E6E657220457863657074696F6E202330292053797374656D2E436F6D706F6E656E744D6F64656C2E57696E3332457863657074696F6E202830783830303034303035293A20546869732070726F6772616D20697320626C6F636B65642062792067726F757020706F6C6963792E20466F72206D6F726520696E666F726D6174696F6E2C20636F6E7461637420796F75722073797374656D2061646D696E6973747261746F720D0A2020206174204769744875622E506F727461626C654769742E48656C706572732E53534850726F636573734D616E616765722E4372656174655373684167656E7450726F6365737328537472696E672066696C654E616D652C20537472696E6720617267756D656E74732C20537472696E672063757272656E744469726563746F7279290D0A2020206174204769744875622E506F727461626C654769742E48656C706572732E53534850726F636573734D616E616765722E3C3E635F5F446973706C6179436C617373312E3C53746172745373684167656E743E625F5F3028556E6974205F290D0A20202061742053797374656D2E52656163746976652E4C696E712E4F627365727661626C65496D706C2E53656C65637460322E5F2E4F6E4E6578742854536F757263652076616C7565293C2D2D2D0D0A0D0A323031362D30322D32342031373A35333A31332E383337317C494E464F7C7468726561643A20357C5353484B657948656C7065727C436F756C646E27742066696E6420535348206B657920706169722C2067656E65726174696E67206E6577206F6E65730D0A323031362D30322D32342031373A35333A31332E383337317C494E464F7C7468726561643A20357C476974456E7669726F6E6D656E747C50726F63657373207365742075702077697468207468697320535348204167656E7420696E666F3A20286E756C6C293A286E756C6C290D0A323031362D30322D32342031373A35333A31332E383337317C494E464F7C7468726561643A20357C476974456E7669726F6E6D656E747C5041544820697320433A5C55736572735C706D727669635C417070446174615C4C6F63616C5C4769744875625C506F727461626C654769745F633765306362646539326261353635636232313861353231343131643065383534303739613238635C636D643B433A5C55736572735C706D727669635C417070446174615C4C6F63616C5C4769744875625C506F727461626C654769745F633765306362646539326261353635636232313861353231343131643065383534303739613238635C7573725C62696E3B433A5C55736572735C706D727669635C417070446174615C4C6F63616C5C4769744875625C506F727461626C654769745F633765306362646539326261353635636232313861353231343131643065383534303739613238635C7573725C73686172655C6769742D7466733B433A5C55736572735C706D727669635C417070446174615C4C6F63616C5C417070735C322E305C474A3858334C594A2E544E4C5C37324F48334E30502E314A545C676974682E2E74696F6E5F333137343434323733613933616332395F303030332E303030305F323061336466613462613862613839343B433A5C55736572735C706D727669635C417070446174615C4C6F63616C5C4769744875625C6C66732D616D6436345F312E312E303B433A5C57696E646F77735C4D6963726F736F66742E4E45545C4672616D65776F726B5C76342E302E33303331393B433A5C57696E646F77735C53797374656D33320D0A323031362D30322D32342031373A35333A31332E383530317C494E464F7C7468726561643A20357C50726F63657373577261707065727C5374617274696E673A2050726F63657373202D2046696C654E616D653A2027433A5C55736572735C706D727669635C417070446174615C4C6F63616C5C4769744875625C506F727461626C654769745F633765306362646539326261353635636232313861353231343131643065383534303739613238635C7573725C62696E5C7373682D6B657967656E2E657865272C20417267733A20272D7420727361202D4E202222202D662022433A5C55736572735C706D727669635C2E7373685C6769746875625F72736122272C20576F726B696E67204469726563746F72793A20433A5C55736572735C706D727669635C417070446174615C4C6F63616C5C54656D705C0D0A323031362D30322D32342031373A35333A31332E383934317C4552524F527C7468726561643A20357C50726F63657373577261707065727C457863657074696F6E207468726F776E207768696C652072756E6E696E672074686520666F6C6C6F77696E6720636F6D6D616E643A2027433A5C55736572735C706D727669635C417070446174615C4C6F63616C5C4769744875625C506F727461626C654769745F633765306362646539326261353635636232313861353231343131643065383534303739613238635C7573725C62696E5C7373682D6B657967656E2E657865202D7420727361202D4E202222202D662022433A5C55736572735C706D727669635C2E7373685C6769746875625F72736122270D0A323031362D30322D32342031373A35333A31332E393030317C494E464F7C7468726561643A20347C53534850726F636573734D616E616765727C5374617274696E67207373682D6167656E742E6578650D0A323031362D30322D32342031373A35333A31332E393533317C4552524F527C7468726561643A20347C52656D6F74655353484B6579436861696E7C4661696C656420746F2073657420757020535348204167656E740D0A53797374656D2E416767726567617465457863657074696F6E3A204F6E65206F72206D6F7265206572726F7273206F636375727265642E202D2D2D3E2053797374656D2E436F6D706F6E656E744D6F64656C2E57696E3332457863657074696F6E3A20546869732070726F6772616D20697320626C6F636B65642062792067726F757020706F6C6963792E20466F72206D6F726520696E666F726D6174696F6E2C20636F6E7461637420796F75722073797374656D2061646D696E6973747261746F720D0A2020206174204769744875622E506F727461626C654769742E48656C706572732E53534850726F636573734D616E616765722E4372656174655373684167656E7450726F6365737328537472696E672066696C654E616D652C20537472696E6720617267756D656E74732C20537472696E672063757272656E744469726563746F7279290D0A2020206174204769744875622E506F727461626C654769742E48656C706572732E53534850726F636573734D616E616765722E3C3E635F5F446973706C6179436C617373312E3C53746172745373684167656E743E625F5F3028556E6974205F290D0A20202061742053797374656D2E52656163746976652E4C696E712E4F627365727661626C65496D706C2E53656C65637460322E5F2E4F6E4E6578742854536F757263652076616C7565290D0A2020202D2D2D20456E64206F6620696E6E657220657863657074696F6E20737461636B207472616365202D2D2D0D0A20202061742053797374656D2E546872656164696E672E5461736B732E5461736B2E5468726F774966457863657074696F6E616C28426F6F6C65616E20696E636C7564655461736B43616E63656C6564457863657074696F6E73290D0A20202061742053797374656D2E546872656164696E672E5461736B732E5461736B2E5761697428496E743332206D696C6C697365636F6E647354696D656F75742C2043616E63656C6C6174696F6E546F6B656E2063616E63656C6C6174696F6E546F6B656E290D0A2020206174204769744875622E506F727461626C654769742E48656C706572732E5353484B657948656C7065722E3C3E635F5F446973706C6179436C617373652E3C53746172745373684167656E743E625F5F6228290D0A20202061742053797374656D2E52656163746976652E4C696E712E51756572794C616E67756167652E3C3E635F5F446973706C6179436C6173733133622E3C3E635F5F446973706C6179436C6173733133642E3C546F4173796E633E625F5F31336128290D0A2D2D2D3E2028496E6E657220457863657074696F6E202330292053797374656D2E436F6D706F6E656E744D6F64656C2E57696E3332457863657074696F6E202830783830303034303035293A20546869732070726F6772616D20697320626C6F636B65642062792067726F757020706F6C6963792E20466F72206D6F726520696E666F726D6174696F6E2C20636F6E7461637420796F75722073797374656D2061646D696E6973747261746F720D0A2020206174204769744875622E506F727461626C654769742E48656C706572732E53534850726F636573734D616E616765722E4372656174655373684167656E7450726F6365737328537472696E672066696C654E616D652C20537472696E6720617267756D656E74732C20537472696E672063757272656E744469726563746F7279290D0A2020206174204769744875622E506F727461626C654769742E48656C706572732E53534850726F636573734D616E616765722E3C3E635F5F446973706C6179436C617373312E3C53746172745373684167656E743E625F5F3028556E6974205F290D0A20202061742053797374656D2E52656163746976652E4C696E712E4F627365727661626C65496D706C2E53656C65637460322E5F2E4F6E4E6578742854536F757263652076616C7565293C2D2D2D0D0A0D0A323031362D30322D32342031373A35333A31332E393533317C494E464F7C7468726561643A20347C5353484B657948656C7065727C436F756C646E27742066696E6420535348206B657920706169722C2067656E65726174696E67206E6577206F6E65730D0A323031362D30322D32342031373A35333A31332E393533317C494E464F7C7468726561643A20347C476974456E7669726F6E6D656E747C50726F63657373207365742075702077697468207468697320535348204167656E7420696E666F3A20286E756C6C293A286E756C6C290D0A323031362D30322D32342031373A35333A31332E393533317C494E464F7C7468726561643A20347C476974456E7669726F6E6D656E747C5041544820697320433A5C55736572735C706D727669635C417070446174615C4C6F63616C5C4769744875625C506F727461626C654769745F633765306362646539326261353635636232313861353231343131643065383534303739613238635C636D643B433A5C55736572735C706D727669635C417070446174615C4C6F63616C5C4769744875625C506F727461626C654769745F633765306362646539326261353635636232313861353231343131643065383534303739613238635C7573725C62696E3B433A5C55736572735C706D727669635C417070446174615C4C6F63616C5C4769744875625C506F727461626C654769745F633765306362646539326261353635636232313861353231343131643065383534303739613238635C7573725C73686172655C6769742D7466733B433A5C55736572735C706D727669635C417070446174615C4C6F63616C5C417070735C322E305C474A3858334C594A2E544E4C5C37324F48334E30502E314A545C676974682E2E74696F6E5F333137343434323733613933616332395F303030332E303030305F323061336466613462613862613839343B433A5C55736572735C706D727669635C417070446174615C4C6F63616C5C4769744875625C6C66732D616D6436345F312E312E303B433A5C57696E646F77735C4D6963726F736F66742E4E45545C4672616D65776F726B5C76342E302E33303331393B433A5C57696E646F77735C53797374656D33320D0A323031362D30322D32342031373A35333A31332E393533317C494E464F7C7468726561643A20347C50726F63657373577261707065727C5374617274696E673A2050726F63657373202D2046696C654E616D653A2027433A5C55736572735C706D727669635C417070446174615C4C6F63616C5C4769744875625C506F727461626C654769745F633765306362646539326261353635636232313861353231343131643065383534303739613238635C7573725C62696E5C7373682D6B657967656E2E657865272C20417267733A20272D7420727361202D4E202222202D662022433A5C55736572735C706D727669635C2E7373685C6769746875625F72736122272C20576F726B696E67204469726563746F72793A20433A5C55736572735C706D727669635C417070446174615C4C6F63616C5C54656D705C0D0A323031362D30322D32342031373A35333A31342E303131317C4552524F527C7468726561643A20347C50726F63657373577261707065727C457863657074696F6E207468726F776E207768696C652072756E6E696E672074686520666F6C6C6F77696E6720636F6D6D616E643A2027433A5C55736572735C706D727669635C417070446174615C4C6F63616C5C4769744875625C506F727461626C654769745F633765306362646539326261353635636232313861353231343131643065383534303739613238635C7573725C62696E5C7373682D6B657967656E2E657865202D7420727361202D4E202222202D662022433A5C55736572735C706D727669635C2E7373685C6769746875625F72736122270D0A323031362D30322D32342031373A35333A31342E303131317C494E464F7C7468726561643A20357C53534850726F636573734D616E616765727C5374617274696E67207373682D6167656E742E6578650D0A323031362D30322D32342031373A35333A31342E303636317C4552524F527C7468726561643A20357C52656D6F74655353484B6579436861696E7C4661696C656420746F2073657420757020535348204167656E740D0A53797374656D2E416767726567617465457863657074696F6E3A204F6E65206F72206D6F7265206572726F7273206F636375727265642E202D2D2D3E2053797374656D2E436F6D706F6E656E744D6F64656C2E57696E3332457863657074696F6E3A20546869732070726F6772616D20697320626C6F636B65642062792067726F757020706F6C6963792E20466F72206D6F726520696E666F726D6174696F6E2C20636F6E7461637420796F75722073797374656D2061646D696E6973747261746F720D0A2020206174204769744875622E506F727461626C654769742E48656C706572732E53534850726F636573734D616E616765722E4372656174655373684167656E7450726F6365737328537472696E672066696C654E616D652C20537472696E6720617267756D656E74732C20537472696E672063757272656E744469726563746F7279290D0A2020206174204769744875622E506F727461626C654769742E48656C706572732E53534850726F636573734D616E616765722E3C3E635F5F446973706C6179436C617373312E3C53746172745373684167656E743E625F5F3028556E6974205F290D0A20202061742053797374656D2E52656163746976652E4C696E712E4F627365727661626C65496D706C2E53656C65637460322E5F2E4F6E4E6578742854536F757263652076616C7565290D0A2020202D2D2D20456E64206F6620696E6E657220657863657074696F6E20737461636B207472616365202D2D2D0D0A20202061742053797374656D2E546872656164696E672E5461736B732E5461736B2E5468726F774966457863657074696F6E616C28426F6F6C65616E20696E636C7564655461736B43616E63656C6564457863657074696F6E73290D0A20202061742053797374656D2E546872656164696E672E5461736B732E5461736B2E5761697428496E743332206D696C6C697365636F6E647354696D656F75742C2043616E63656C6C6174696F6E546F6B656E2063616E63656C6C6174696F6E546F6B656E290D0A2020206174204769744875622E506F727461626C654769742E48656C706572732E5353484B657948656C7065722E3C3E635F5F446973706C6179436C617373652E3C53746172745373684167656E743E625F5F6228290D0A20202061742053797374656D2E52656163746976652E4C696E712E51756572794C616E67756167652E3C3E635F5F446973706C6179436C6173733133622E3C3E635F5F446973706C6179436C6173733133642E3C546F4173796E633E625F5F31336128290D0A2D2D2D3E2028496E6E657220457863657074696F6E202330292053797374656D2E436F6D706F6E656E744D6F64656C2E57696E3332457863657074696F6E202830783830303034303035293A20546869732070726F6772616D20697320626C6F636B65642062792067726F757020706F6C6963792E20466F72206D6F726520696E666F726D6174696F6E2C20636F6E7461637420796F75722073797374656D2061646D696E6973747261746F720D0A2020206174204769744875622E506F727461626C654769742E48656C706572732E53534850726F636573734D616E616765722E4372656174655373684167656E7450726F6365737328537472696E672066696C654E616D652C20537472696E6720617267756D656E74732C20537472696E672063757272656E744469726563746F7279290D0A2020206174204769744875622E506F727461626C654769742E48656C706572732E53534850726F636573734D616E616765722E3C3E635F5F446973706C6179436C617373312E3C53746172745373684167656E743E625F5F3028556E6974205F290D0A20202061742053797374656D2E52656163746976652E4C696E712E4F627365727661626C65496D706C2E53656C65637460322E5F2E4F6E4E6578742854536F757263652076616C7565293C2D2D2D0D0A0D0A323031362D30322D32342031373A35333A31342E303636317C494E464F7C7468726561643A20357C5353484B657948656C7065727C436F756C646E27742066696E6420535348206B657920706169722C2067656E65726174696E67206E6577206F6E65730D0A323031362D30322D32342031373A35333A31342E303636317C494E464F7C7468726561643A20357C476974456E7669726F6E6D656E747C50726F63657373207365742075702077697468207468697320535348204167656E7420696E666F3A20286E756C6C293A286E756C6C290D0A323031362D30322D32342031373A35333A31342E303636317C494E464F7C7468726561643A20357C476974456E7669726F6E6D656E747C5041544820697320433A5C55736572735C706D727669635C417070446174615C4C6F63616C5C4769744875625C506F727461626C654769745F633765306362646539326261353635636232313861353231343131643065383534303739613238635C636D643B433A5C55736572735C706D727669635C417070446174615C4C6F63616C5C4769744875625C506F727461626C654769745F633765306362646539326261353635636232313861353231343131643065383534303739613238635C7573725C62696E3B433A5C55736572735C706D727669635C417070446174615C4C6F63616C5C4769744875625C506F727461626C654769745F633765306362646539326261353635636232313861353231343131643065383534303739613238635C7573725C73686172655C6769742D7466733B433A5C55736572735C706D727669635C417070446174615C4C6F63616C5C417070735C322E305C474A3858334C594A2E544E4C5C37324F48334E30502E314A545C676974682E2E74696F6E5F333137343434323733613933616332395F303030332E303030305F323061336466613462613862613839343B433A5C55736572735C706D727669635C417070446174615C4C6F63616C5C4769744875625C6C66732D616D6436345F312E312E303B433A5C57696E646F77735C4D6963726F736F66742E4E45545C4672616D65776F726B5C76342E302E33303331393B433A5C57696E646F77735C53797374656D33320D0A323031362D30322D32342031373A35333A31342E303636317C494E464F7C7468726561643A20357C50726F63657373577261707065727C5374617274696E673A2050726F63657373202D2046696C654E616D653A2027433A5C55736572735C706D727669635C417070446174615C4C6F63616C5C4769744875625C506F727461626C654769745F633765306362646539326261353635636232313861353231343131643065383534303739613238635C7573725C62696E5C7373682D6B657967656E2E657865272C20417267733A20272D7420727361202D4E202222202D662022433A5C55736572735C706D727669635C2E7373685C6769746875625F72736122272C20576F726B696E67204469726563746F72793A20433A5C55736572735C706D727669635C417070446174615C4C6F63616C5C54656D705C0D0A323031362D30322D32342031373A35333A31342E313132317C4552524F527C7468726561643A20357C50726F63657373577261707065727C457863657074696F6E207468726F776E207768696C652072756E6E696E672074686520666F6C6C6F77696E6720636F6D6D616E643A2027433A5C55736572735C706D727669635C417070446174615C4C6F63616C5C4769744875625C506F727461626C654769745F633765306362646539326261353635636232313861353231343131643065383534303739613238635C7573725C62696E5C7373682D6B657967656E2E657865202D7420727361202D4E202222202D662022433A5C55736572735C706D727669635C2E7373685C6769746875625F72736122270D0A323031362D30322D32342031373A35333A31342E313133317C5741524E7C7468726561643A20357C52656D6F74655353484B6579436861696E7C4661696C656420746F2061646420737368206B65797320746F20676974687562206163636F756E740D0A53797374656D2E436F6D706F6E656E744D6F64656C2E57696E3332457863657074696F6E202830783830303034303035293A20546869732070726F6772616D20697320626C6F636B65642062792067726F757020706F6C6963792E20466F72206D6F726520696E666F726D6174696F6E2C20636F6E7461637420796F75722073797374656D2061646D696E6973747261746F720D0A20202061742053797374656D2E446961676E6F73746963732E50726F636573732E53746172745769746843726561746550726F636573732850726F636573735374617274496E666F207374617274496E666F290D0A20202061742053797374656D2E446961676E6F73746963732E50726F636573732E537461727428290D0A2020206174204769744875622E494F2E50726F63657373577261707065722E537461727428290D0A2020206174204769744875622E494F2E4F627365727661626C6550726F636573732E2E63746F72284950726F636573732070726F636573732C20426F6F6C65616E207468726F774F6E4E6F6E5A65726F45786974436F6465290D0A323031362D30322D32342031373A35333A31342E323431317C494E464F7C7468726561643A31327C44617368626F617264566965774D6F64656C7C53656C6563746564207265706F7369746F727920276D727669632F506870416C6765627261270D0A323031362D30322D32342031373A35333A31342E323739317C494E464F7C7468726561643A31327C4173796E635265616465725772697465724C6F636B7C416371756972696E6720636F6E63757272656E74207363686564756C657220666F72206F7065726174696F6E203120617420476974436C69656E742E63733A3632380D0A323031362D30322D32342031373A35333A31342E323837317C494E464F7C7468726561643A31327C4173796E635265616465725772697465724C6F636B7C416371756972696E67206578636C7573697665207363686564756C657220666F72206F7065726174696F6E203220617420476974436C69656E742E63733A3630360D0A323031362D30322D32342031373A35333A31342E323837317C494E464F7C7468726561643A20347C4173796E635265616465725772697465724C6F636B7C416371756972656420636F6E63757272656E74207363686564756C657220666F72206F7065726174696F6E3A203120617420476974436C69656E742E63733A3632382061667465722077616974696E6720302E30313034393934730D0A323031362D30322D32342031373A35333A31342E333339317C494E464F7C7468726561643A31317C4173796E635265616465725772697465724C6F636B7C52656C656173656420636F6E63757272656E74207363686564756C657220666F72206F7065726174696F6E3A203120617420476974436C69656E742E63733A36323820616674657220626C6F636B696E6720302E30343937343138730D0A323031362D30322D32342031373A35333A31342E333339317C494E464F7C7468726561643A20347C4173796E635265616465725772697465724C6F636B7C4163717569726564206578636C7573697665207363686564756C657220666F72206F7065726174696F6E3A203220617420476974436C69656E742E63733A3630362061667465722077616974696E6720302E30353535303331730D0A323031362D30322D32342031373A35333A31352E333332327C494E464F7C7468726561643A20347C4173796E635265616465725772697465724C6F636B7C416371756972696E6720636F6E63757272656E74207363686564756C657220666F72206F7065726174696F6E203320617420476974436C69656E742E63733A3632330D0A323031362D30322D32342031373A35333A31352E353037327C494E464F7C7468726561643A20347C4173796E635265616465725772697465724C6F636B7C416371756972696E6720636F6E63757272656E74207363686564756C657220666F72206F7065726174696F6E203420617420476974436C69656E742E63733A3232340D0A323031362D30322D32342031373A35333A31352E353037327C494E464F7C7468726561643A20347C44617368626F617264566965774D6F64656C7C546F6F6B20313234346D7320746F20437265617465205265706F7369746F7279566965774D6F64656C20666F72206C6F636174696F6E20433A5C78616D70705C6874646F63735C746573740D0A323031362D30322D32342031373A35333A31352E353037327C494E464F7C7468726561643A20347C4173796E635265616465725772697465724C6F636B7C52656C6561736564206578636C7573697665207363686564756C657220666F72206F7065726174696F6E3A203220617420476974436C69656E742E63733A36303620616674657220626C6F636B696E6720312E31363830363832730D0A323031362D30322D32342031373A35333A31352E353037327C494E464F7C7468726561643A20357C4173796E635265616465725772697465724C6F636B7C416371756972656420636F6E63757272656E74207363686564756C657220666F72206F7065726174696F6E3A203320617420476974436C69656E742E63733A3632332061667465722077616974696E6720302E31373935333338730D0A323031362D30322D32342031373A35333A31352E353830327C494E464F7C7468726561643A20357C4173796E635265616465725772697465724C6F636B7C416371756972696E6720636F6E63757272656E74207363686564756C657220666F72206F7065726174696F6E2035206174205265706F7369746F7279566965774D6F64656C2E63733A3333360D0A323031362D30322D32342031373A35333A31352E353830327C494E464F7C7468726561643A20357C4173796E635265616465725772697465724C6F636B7C52656C656173656420636F6E63757272656E74207363686564756C657220666F72206F7065726174696F6E3A203320617420476974436C69656E742E63733A36323320616674657220626C6F636B696E6720302E30373234373231730D0A323031362D30322D32342031373A35333A31352E353830327C494E464F7C7468726561643A20357C4173796E635265616465725772697465724C6F636B7C416371756972656420636F6E63757272656E74207363686564756C657220666F72206F7065726174696F6E3A203420617420476974436C69656E742E63733A3232342061667465722077616974696E6720302E30373736363634730D0A323031362D30322D32342031373A35333A31352E353830327C494E464F7C7468726561643A20357C476974436C69656E747C4C6F6164696E6720636F6D6D69747320666F72207265706F3A20433A5C78616D70705C6874646F63735C746573740D0A323031362D30322D32342031373A35333A31352E373035327C494E464F7C7468726561643A20357C436F6E63757272656E745265706F7369746F7279436F6E6E656374696F6E7C4C6F616465642027322720636F6D6D69747320666F72207265706F3A20433A5C78616D70705C6874646F63735C746573745C2E0D0A323031362D30322D32342031373A35333A31352E373334327C494E464F7C7468726561643A20357C4173796E635265616465725772697465724C6F636B7C52656C656173656420636F6E63757272656E74207363686564756C657220666F72206F7065726174696F6E3A203420617420476974436C69656E742E63733A32323420616674657220626C6F636B696E6720302E31343937393335730D0A323031362D30322D32342031373A35333A31352E373337327C494E464F7C7468726561643A20357C4173796E635265616465725772697465724C6F636B7C416371756972656420636F6E63757272656E74207363686564756C657220666F72206F7065726174696F6E3A2035206174205265706F7369746F7279566965774D6F64656C2E63733A3333362061667465722077616974696E6720302E31353633323039730D0A323031362D30322D32342031373A35333A31352E383132327C5741524E7C7468726561643A20357C4765744272616E636860317C436F756C64206E6F74207265736F6C7665206272616E636820506870416C67656272612F6D61737465720D0A323031362D30322D32342031373A35333A31352E383431327C494E464F7C7468726561643A20357C4173796E635265616465725772697465724C6F636B7C52656C656173656420636F6E63757272656E74207363686564756C657220666F72206F7065726174696F6E3A2035206174205265706F7369746F7279566965774D6F64656C2E63733A33333620616674657220626C6F636B696E6720302E31303433343633730D0A323031362D30322D32342031373A35333A31352E383831327C494E464F7C7468726561643A20317C4173796E635265616465725772697465724C6F636B7C416371756972696E6720636F6E63757272656E74207363686564756C657220666F72206F7065726174696F6E203620617420476974436C69656E742E63733A3230310D0A323031362D30322D32342031373A35333A31352E383831327C494E464F7C7468726561643A20317C4173796E635265616465725772697465724C6F636B7C416371756972696E6720636F6E63757272656E74207363686564756C657220666F72206F7065726174696F6E2037206174205265706F7369746F72794D6F64656C2E63733A3539360D0A323031362D30322D32342031373A35333A31352E383831327C494E464F7C7468726561643A32327C4173796E635265616465725772697465724C6F636B7C416371756972656420636F6E63757272656E74207363686564756C657220666F72206F7065726174696F6E3A203620617420476974436C69656E742E63733A3230312061667465722077616974696E6720302E30303430343939730D0A323031362D30322D32342031373A35333A31352E393036327C494E464F7C7468726561643A32317C4173796E635265616465725772697465724C6F636B7C416371756972656420636F6E63757272656E74207363686564756C657220666F72206F7065726174696F6E3A2037206174205265706F7369746F72794D6F64656C2E63733A3539362061667465722077616974696E6720302E30323336313637730D0A323031362D30322D32342031373A35333A31352E393235327C494E464F7C7468726561643A20347C4173796E635265616465725772697465724C6F636B7C52656C656173656420636F6E63757272656E74207363686564756C657220666F72206F7065726174696F6E3A203620617420476974436C69656E742E63733A32303120616674657220626C6F636B696E6720302E30333938343835730D0A323031362D30322D32342031373A35333A31352E393531327C494E464F7C7468726561643A32337C4173796E635265616465725772697465724C6F636B7C416371756972696E6720636F6E63757272656E74207363686564756C657220666F72206F7065726174696F6E2038206174205265706F7369746F72794D6F64656C2E63733A3539360D0A323031362D30322D32342031373A35333A31352E393631327C494E464F7C7468726561643A31317C4173796E635265616465725772697465724C6F636B7C416371756972696E6720636F6E63757272656E74207363686564756C657220666F72206F7065726174696F6E203920617420476974436C69656E742E63733A3239300D0A323031362D30322D32342031373A35333A31352E393735327C494E464F7C7468726561643A31317C4173796E635265616465725772697465724C6F636B7C52656C656173656420636F6E63757272656E74207363686564756C657220666F72206F7065726174696F6E3A2037206174205265706F7369746F72794D6F64656C2E63733A35393620616674657220626C6F636B696E6720302E30363931323832730D0A323031362D30322D32342031373A35333A31352E393735327C494E464F7C7468726561643A31317C4173796E635265616465725772697465724C6F636B7C416371756972656420636F6E63757272656E74207363686564756C657220666F72206F7065726174696F6E3A2038206174205265706F7369746F72794D6F64656C2E63733A3539362061667465722077616974696E6720302E30323438363237730D0A323031362D30322D32342031373A35333A31352E393835327C494E464F7C7468726561643A32317C4173796E635265616465725772697465724C6F636B7C416371756972656420636F6E63757272656E74207363686564756C657220666F72206F7065726174696F6E3A203920617420476974436C69656E742E63733A3239302061667465722077616974696E6720302E30323336353232730D0A323031362D30322D32342031373A35333A31352E393835327C494E464F7C7468726561643A32317C476974456E7669726F6E6D656E747C50726F63657373207365742075702077697468207468697320535348204167656E7420696E666F3A20286E756C6C293A286E756C6C290D0A323031362D30322D32342031373A35333A31352E393835327C494E464F7C7468726561643A32317C476974456E7669726F6E6D656E747C5041544820697320433A5C55736572735C706D727669635C417070446174615C4C6F63616C5C4769744875625C506F727461626C654769745F633765306362646539326261353635636232313861353231343131643065383534303739613238635C636D643B433A5C55736572735C706D727669635C417070446174615C4C6F63616C5C4769744875625C506F727461626C654769745F633765306362646539326261353635636232313861353231343131643065383534303739613238635C7573725C62696E3B433A5C55736572735C706D727669635C417070446174615C4C6F63616C5C4769744875625C506F727461626C654769745F633765306362646539326261353635636232313861353231343131643065383534303739613238635C7573725C73686172655C6769742D7466733B433A5C55736572735C706D727669635C417070446174615C4C6F63616C5C417070735C322E305C474A3858334C594A2E544E4C5C37324F48334E30502E314A545C676974682E2E74696F6E5F333137343434323733613933616332395F303030332E303030305F323061336466613462613862613839343B433A5C55736572735C706D727669635C417070446174615C4C6F63616C5C4769744875625C6C66732D616D6436345F312E312E303B433A5C57696E646F77735C4D6963726F736F66742E4E45545C4672616D65776F726B5C76342E302E33303331393B433A5C57696E646F77735C53797374656D33320D0A323031362D30322D32342031373A35333A31352E393835327C494E464F7C7468726561643A32317C50726F63657373577261707065727C5374617274696E673A2050726F63657373202D2046696C654E616D653A2027433A5C55736572735C706D727669635C417070446174615C4C6F63616C5C4769744875625C506F727461626C654769745F633765306362646539326261353635636232313861353231343131643065383534303739613238635C636D645C6769742E657865272C20417267733A2027737461747573202D2D756E747261636B65642D66696C65733D616C6C202D2D706F7263656C61696E202D7A20272C20576F726B696E67204469726563746F72793A20433A5C78616D70705C6874646F63735C746573745C0D0A323031362D30322D32342031373A35333A31352E393835327C494E464F7C7468726561643A20317C4173796E635265616465725772697465724C6F636B7C416371756972696E6720636F6E63757272656E74207363686564756C657220666F72206F7065726174696F6E203130206174204272616E63686573566965774D6F64656C2E63733A3533350D0A323031362D30322D32342031373A35333A31352E393835327C494E464F7C7468726561643A20317C4173796E635265616465725772697465724C6F636B7C416371756972696E6720636F6E63757272656E74207363686564756C657220666F72206F7065726174696F6E203131206174205265706F7369746F7279566965774D6F64656C2E63733A3333360D0A323031362D30322D32342031373A35333A31352E393835327C494E464F7C7468726561643A32357C4173796E635265616465725772697465724C6F636B7C52656C656173656420636F6E63757272656E74207363686564756C657220666F72206F7065726174696F6E3A2038206174205265706F7369746F72794D6F64656C2E63733A35393620616674657220626C6F636B696E6720302E30323238333835730D0A323031362D30322D32342031373A35333A31362E303032327C494E464F7C7468726561643A31317C4173796E635265616465725772697465724C6F636B7C416371756972656420636F6E63757272656E74207363686564756C657220666F72206F7065726174696F6E3A203130206174204272616E63686573566965774D6F64656C2E63733A3533352061667465722077616974696E6720302E30303639383438730D0A323031362D30322D32342031373A35333A31362E303139327C494E464F7C7468726561643A31317C4173796E635265616465725772697465724C6F636B7C52656C656173656420636F6E63757272656E74207363686564756C657220666F72206F7065726174696F6E3A203130206174204272616E63686573566965774D6F64656C2E63733A35333520616674657220626C6F636B696E6720302E30313730303236730D0A323031362D30322D32342031373A35333A31362E303139327C494E464F7C7468726561643A31317C4173796E635265616465725772697465724C6F636B7C416371756972656420636F6E63757272656E74207363686564756C657220666F72206F7065726174696F6E3A203131206174205265706F7369746F7279566965774D6F64656C2E63733A3333362061667465722077616974696E6720302E30323135353432730D0A323031362D30322D32342031373A35333A31362E303836327C4552524F527C7468726561643A32317C50726F63657373577261707065727C457863657074696F6E207468726F776E207768696C652072756E6E696E672074686520666F6C6C6F77696E6720636F6D6D616E643A2027433A5C55736572735C706D727669635C417070446174615C4C6F63616C5C4769744875625C506F727461626C654769745F633765306362646539326261353635636232313861353231343131643065383534303739613238635C636D645C6769742E65786520737461747573202D2D756E747261636B65642D66696C65733D616C6C202D2D706F7263656C61696E202D7A20270D0A323031362D30322D32342031373A35333A31362E313036327C494E464F7C7468726561643A32317C4173796E635265616465725772697465724C6F636B7C52656C656173656420636F6E63757272656E74207363686564756C657220666F72206F7065726174696F6E3A203920617420476974436C69656E742E63733A32393020616674657220626C6F636B696E6720302E31323037303833730D0A323031362D30322D32342031373A35333A31362E313132327C5741524E7C7468726561643A31317C4765744272616E636860317C436F756C64206E6F74207265736F6C7665206272616E636820506870416C67656272612F6D61737465720D0A323031362D30322D32342031373A35333A31362E313132327C494E464F7C7468726561643A31317C4173796E635265616465725772697465724C6F636B7C52656C656173656420636F6E63757272656E74207363686564756C657220666F72206F7065726174696F6E3A203131206174205265706F7369746F7279566965774D6F64656C2E63733A33333620616674657220626C6F636B696E6720302E30393832373638730D0A323031362D30322D32342031373A35333A31362E363633327C494E464F7C7468726561643A20317C4173796E635265616465725772697465724C6F636B7C416371756972696E6720636F6E63757272656E74207363686564756C657220666F72206F7065726174696F6E203132206174204272616E636853796E6368726F6E697A65722E63733A3132360D0A323031362D30322D32342031373A35333A31362E363633327C494E464F7C7468726561643A32317C4173796E635265616465725772697465724C6F636B7C416371756972656420636F6E63757272656E74207363686564756C657220666F72206F7065726174696F6E3A203132206174204272616E636853796E6368726F6E697A65722E63733A3132362061667465722077616974696E6720302E30303430363433730D0A323031362D30322D32342031373A35333A31362E363933327C494E464F7C7468726561643A20317C4173796E635265616465725772697465724C6F636B7C416371756972696E6720636F6E63757272656E74207363686564756C657220666F72206F7065726174696F6E20313320617420476974436C69656E742E63733A3631310D0A323031362D30322D32342031373A35333A31362E363933327C494E464F7C7468726561643A32307C4173796E635265616465725772697465724C6F636B7C416371756972656420636F6E63757272656E74207363686564756C657220666F72206F7065726174696F6E3A20313320617420476974436C69656E742E63733A3631312061667465722077616974696E6720302E30303332353632730D0A323031362D30322D32342031373A35333A31362E363933327C494E464F7C7468726561643A32337C4173796E635265616465725772697465724C6F636B7C52656C656173656420636F6E63757272656E74207363686564756C657220666F72206F7065726174696F6E3A20313320617420476974436C69656E742E63733A36313120616674657220626C6F636B696E6720302E30303430313732730D0A323031362D30322D32342031373A35333A31362E373036327C494E464F7C7468726561643A20357C436F6E63757272656E745265706F7369746F7279436F6E6E656374696F6E7C6272616E63682073746174733A20616865616420312C20626568696E642031206F6E206D61737465720D0A323031362D30322D32342031373A35333A31362E373036327C494E464F7C7468726561643A20357C4173796E635265616465725772697465724C6F636B7C52656C656173656420636F6E63757272656E74207363686564756C657220666F72206F7065726174696F6E3A203132206174204272616E636853796E6368726F6E697A65722E63733A31323620616674657220626C6F636B696E6720302E30343839313838730D0A323031362D30322D32342031373A35333A31362E373635327C494E464F7C7468726561643A32337C4261636B67726F756E64466574636865727C476F742061207265667265736820706572696F6420666F7220433A5C78616D70705C6874646F63735C746573745C2E676974206F6620333030207365636F6E64730D0A323031362D30322D32342031373A35333A31362E373635327C494E464F7C7468726561643A32337C4261636B67726F756E64466574636865727C416464656420612064656C617920666F7220433A5C78616D70705C6874646F63735C746573745C2E676974206F66203130333937206D696C6C697365636F6E64730D0A323031362D30322D32342031373A35333A31372E373238337C5741524E7C7468726561643A20317C5374616E64617264557365724572726F72737C53686F77696E672075736572206572726F7220596F75206D69676874206E65656420746F206F70656E2061207368656C6C20616E6420646562756720746865207374617465206F662074686973207265706F2E0D0A53797374656D2E436F6D706F6E656E744D6F64656C2E57696E3332457863657074696F6E202830783830303034303035293A20546869732070726F6772616D20697320626C6F636B65642062792067726F757020706F6C6963792E20466F72206D6F726520696E666F726D6174696F6E2C20636F6E7461637420796F75722073797374656D2061646D696E6973747261746F720D0A20202061742053797374656D2E446961676E6F73746963732E50726F636573732E53746172745769746843726561746550726F636573732850726F636573735374617274496E666F207374617274496E666F290D0A20202061742053797374656D2E446961676E6F73746963732E50726F636573732E537461727428290D0A2020206174204769744875622E494F2E50726F63657373577261707065722E537461727428290D0A2020206174204769744875622E494F2E4F627365727661626C6550726F636573732E2E63746F72284950726F636573732070726F636573732C20426F6F6C65616E207468726F774F6E4E6F6E5A65726F45786974436F6465290D0A323031362D30322D32342031373A35333A31372E373635337C494E464F7C7468726561643A20317C4173796E635265616465725772697465724C6F636B7C416371756972696E6720636F6E63757272656E74207363686564756C657220666F72206F7065726174696F6E20313420617420476974436C69656E742E63733A3632330D0A323031362D30322D32342031373A35333A31372E373635337C494E464F7C7468726561643A32357C4173796E635265616465725772697465724C6F636B7C416371756972656420636F6E63757272656E74207363686564756C657220666F72206F7065726174696F6E3A20313420617420476974436C69656E742E63733A3632332061667465722077616974696E6720342E3839452D3035730D0A323031362D30322D32342031373A35333A31372E373635337C494E464F7C7468726561643A31317C4173796E635265616465725772697465724C6F636B7C52656C656173656420636F6E63757272656E74207363686564756C657220666F72206F7065726174696F6E3A20313420617420476974436C69656E742E63733A36323320616674657220626C6F636B696E6720302E30303837393332730D0A323031362D30322D32342031373A35333A31372E383036337C494E464F7C7468726561643A20317C4E657750756C6C52657175657374566965774D6F64656C7C4E6F206D61746368696E672070756C6C207265717565737420666F756E642C20636C656172696E672073656C656374696F6E2E2E2E0D0A323031362D30322D32342031373A35333A32302E393335357C494E464F7C7468726561643A20317C4173796E635265616465725772697465724C6F636B7C416371756972696E6720636F6E63757272656E74207363686564756C657220666F72206F7065726174696F6E203135206174205265706F7369746F7279566965774D6F64656C2E63733A3333360D0A323031362D30322D32342031373A35333A32302E393335357C494E464F7C7468726561643A20357C4173796E635265616465725772697465724C6F636B7C416371756972656420636F6E63757272656E74207363686564756C657220666F72206F7065726174696F6E3A203135206174205265706F7369746F7279566965774D6F64656C2E63733A3333362061667465722077616974696E6720352E3232452D3035730D0A323031362D30322D32342031373A35333A32302E393335357C494E464F7C7468726561643A20317C4173796E635265616465725772697465724C6F636B7C52656C656173656420636F6E63757272656E74207363686564756C657220666F72206F7065726174696F6E3A203135206174205265706F7369746F7279566965774D6F64656C2E63733A33333620616674657220626C6F636B696E6720302E30303031303732730D0A323031362D30322D32342031373A35333A32302E393335357C494E464F7C7468726561643A20317C4173796E635265616465725772697465724C6F636B7C416371756972696E6720636F6E63757272656E74207363686564756C657220666F72206F7065726174696F6E203136206174205265706F7369746F7279566965774D6F64656C2E63733A3333360D0A323031362D30322D32342031373A35333A32302E393335357C494E464F7C7468726561643A31317C4173796E635265616465725772697465724C6F636B7C416371756972656420636F6E63757272656E74207363686564756C657220666F72206F7065726174696F6E3A203136206174205265706F7369746F7279566965774D6F64656C2E63733A3333362061667465722077616974696E6720302E30303438363534730D0A323031362D30322D32342031373A35333A32302E393532357C5741524E7C7468726561643A32327C4765744272616E636860317C436F756C64206E6F74207265736F6C7665206272616E636820506870416C67656272612F6D61737465720D0A323031362D30322D32342031373A35333A32302E393532357C5741524E7C7468726561643A32357C4765744272616E636860317C436F756C64206E6F74207265736F6C7665206272616E636820506870416C67656272612F6D61737465720D0A323031362D30322D32342031373A35333A32302E393532357C494E464F7C7468726561643A32357C4173796E635265616465725772697465724C6F636B7C52656C656173656420636F6E63757272656E74207363686564756C657220666F72206F7065726174696F6E3A203136206174205265706F7369746F7279566965774D6F64656C2E63733A33333620616674657220626C6F636B696E6720302E3031343435730D0A323031362D30322D32342031373A35333A34302E353732367C494E464F7C7468726561643A20317C4173796E635265616465725772697465724C6F636B7C416371756972696E6720636F6E63757272656E74207363686564756C657220666F72206F7065726174696F6E20313720617420476974436C69656E742E63733A3230310D0A323031362D30322D32342031373A35333A34302E353732367C494E464F7C7468726561643A20357C4173796E635265616465725772697465724C6F636B7C416371756972656420636F6E63757272656E74207363686564756C657220666F72206F7065726174696F6E3A20313720617420476974436C69656E742E63733A3230312061667465722077616974696E6720362E3537452D3035730D0A323031362D30322D32342031373A35333A34302E353836367C494E464F7C7468726561643A20317C4173796E635265616465725772697465724C6F636B7C416371756972696E6720636F6E63757272656E74207363686564756C657220666F72206F7065726174696F6E203138206174205265706F7369746F72794D6F64656C2E63733A3539360D0A323031362D30322D32342031373A35333A34302E353836367C494E464F7C7468726561643A32357C4173796E635265616465725772697465724C6F636B7C416371756972656420636F6E63757272656E74207363686564756C657220666F72206F7065726174696F6E3A203138206174205265706F7369746F72794D6F64656C2E63733A3539362061667465722077616974696E6720342E3035452D3035730D0A323031362D30322D32342031373A35333A34302E363033367C494E464F7C7468726561643A32337C4173796E635265616465725772697465724C6F636B7C416371756972696E6720636F6E63757272656E74207363686564756C657220666F72206F7065726174696F6E20313920617420476974436C69656E742E63733A3239300D0A323031362D30322D32342031373A35333A34302E363033367C494E464F7C7468726561643A32337C4173796E635265616465725772697465724C6F636B7C416371756972696E6720636F6E63757272656E74207363686564756C657220666F72206F7065726174696F6E203230206174204272616E636853796E6368726F6E697A65722E63733A3132360D0A323031362D30322D32342031373A35333A34302E363033367C494E464F7C7468726561643A32357C4173796E635265616465725772697465724C6F636B7C416371756972656420636F6E63757272656E74207363686564756C657220666F72206F7065726174696F6E3A20313920617420476974436C69656E742E63733A3239302061667465722077616974696E6720302E30303033363237730D0A323031362D30322D32342031373A35333A34302E363033367C494E464F7C7468726561643A32337C4173796E635265616465725772697465724C6F636B7C52656C656173656420636F6E63757272656E74207363686564756C657220666F72206F7065726174696F6E3A203138206174205265706F7369746F72794D6F64656C2E63733A35393620616674657220626C6F636B696E6720302E30313733353938730D0A323031362D30322D32342031373A35333A34302E363033367C494E464F7C7468726561643A32337C476974456E7669726F6E6D656E747C50726F63657373207365742075702077697468207468697320535348204167656E7420696E666F3A20286E756C6C293A286E756C6C290D0A323031362D30322D32342031373A35333A34302E363033367C494E464F7C7468726561643A32337C476974456E7669726F6E6D656E747C5041544820697320433A5C55736572735C706D727669635C417070446174615C4C6F63616C5C4769744875625C506F727461626C654769745F633765306362646539326261353635636232313861353231343131643065383534303739613238635C636D643B433A5C55736572735C706D727669635C417070446174615C4C6F63616C5C4769744875625C506F727461626C654769745F633765306362646539326261353635636232313861353231343131643065383534303739613238635C7573725C62696E3B433A5C55736572735C706D727669635C417070446174615C4C6F63616C5C4769744875625C506F727461626C654769745F633765306362646539326261353635636232313861353231343131643065383534303739613238635C7573725C73686172655C6769742D7466733B433A5C55736572735C706D727669635C417070446174615C4C6F63616C5C417070735C322E305C474A3858334C594A2E544E4C5C37324F48334E30502E314A545C676974682E2E74696F6E5F333137343434323733613933616332395F303030332E303030305F323061336466613462613862613839343B433A5C55736572735C706D727669635C417070446174615C4C6F63616C5C4769744875625C6C66732D616D6436345F312E312E303B433A5C57696E646F77735C4D6963726F736F66742E4E45545C4672616D65776F726B5C76342E302E33303331393B433A5C57696E646F77735C53797374656D33320D0A323031362D30322D32342031373A35333A34302E363033367C494E464F7C7468726561643A32337C50726F63657373577261707065727C5374617274696E673A2050726F63657373202D2046696C654E616D653A2027433A5C55736572735C706D727669635C417070446174615C4C6F63616C5C4769744875625C506F727461626C654769745F633765306362646539326261353635636232313861353231343131643065383534303739613238635C636D645C6769742E657865272C20417267733A2027737461747573202D2D756E747261636B65642D66696C65733D616C6C202D2D706F7263656C61696E202D7A20272C20576F726B696E67204469726563746F72793A20433A5C78616D70705C6874646F63735C746573745C0D0A323031362D30322D32342031373A35333A34302E363033367C494E464F7C7468726561643A20357C4173796E635265616465725772697465724C6F636B7C416371756972656420636F6E63757272656E74207363686564756C657220666F72206F7065726174696F6E3A203230206174204272616E636853796E6368726F6E697A65722E63733A3132362061667465722077616974696E6720302E30303830323636730D0A323031362D30322D32342031373A35333A34302E363231367C494E464F7C7468726561643A20357C436F6E63757272656E745265706F7369746F7279436F6E6E656374696F6E7C6272616E63682073746174733A20616865616420312C20626568696E642031206F6E206D61737465720D0A323031362D30322D32342031373A35333A34302E363231367C494E464F7C7468726561643A20357C4173796E635265616465725772697465724C6F636B7C52656C656173656420636F6E63757272656E74207363686564756C657220666F72206F7065726174696F6E3A203230206174204272616E636853796E6368726F6E697A65722E63733A31323620616674657220626C6F636B696E6720302E30313030383235730D0A323031362D30322D32342031373A35333A34302E363231367C494E464F7C7468726561643A32327C4173796E635265616465725772697465724C6F636B7C52656C656173656420636F6E63757272656E74207363686564756C657220666F72206F7065726174696F6E3A20313720617420476974436C69656E742E63733A32303120616674657220626C6F636B696E6720302E30353030333933730D0A323031362D30322D32342031373A35333A34302E363932367C4552524F527C7468726561643A32337C50726F63657373577261707065727C457863657074696F6E207468726F776E207768696C652072756E6E696E672074686520666F6C6C6F77696E6720636F6D6D616E643A2027433A5C55736572735C706D727669635C417070446174615C4C6F63616C5C4769744875625C506F727461626C654769745F633765306362646539326261353635636232313861353231343131643065383534303739613238635C636D645C6769742E65786520737461747573202D2D756E747261636B65642D66696C65733D616C6C202D2D706F7263656C61696E202D7A20270D0A323031362D30322D32342031373A35333A34302E363932367C494E464F7C7468726561643A32337C4173796E635265616465725772697465724C6F636B7C52656C656173656420636F6E63757272656E74207363686564756C657220666F72206F7065726174696F6E3A20313920617420476974436C69656E742E63733A32393020616674657220626C6F636B696E6720302E30393034353236730D0A),
	(10010, 'Zagreb-Sloboština', 21, NULL),
	(10020, 'Zagreb-Novi Zagreb', 21, NULL),
	(10040, 'Zagreb-Dubrava', 21, NULL),
	(10090, 'Zagreb-Susedgrad', 21, NULL),
	(10250, 'Lučko', 1, NULL),
	(10255, 'Gornji Stupnik', 1, NULL),
	(10290, 'Zaprešić', 1, NULL),
	(10295, 'Kupljenovo', 1, NULL),
	(10310, 'Ivanić-Grad', 1, NULL),
	(10315, 'Novoselec', 1, NULL),
	(10340, 'Vrbovec', 1, NULL),
	(10345, 'Gradec', 1, NULL),
	(10360, 'Sesvete', 1, NULL),
	(10370, 'Dugo Selo', 1, NULL),
	(10380, 'Sveti Ivan Zelina', 21, NULL),
	(10410, 'Velika Gorica', 1, NULL),
	(10415, 'Novo Čiče', 1, NULL),
	(10430, 'Samobor', 1, NULL),
	(10435, 'Sveti Martin pod Okićem', 1, NULL),
	(10450, 'Jastrebarsko', 1, NULL),
	(10455, 'Kostanjevac', 1, NULL),
	(20000, 'Dubrovnik', 19, NULL),
	(20205, 'Topolo', 19, NULL),
	(20210, 'Cavtat', 19, NULL),
	(20215, 'Gruda', 19, NULL),
	(20225, 'Babino Polje', 19, NULL),
	(20230, 'Ston', 19, NULL),
	(20235, 'Zaton Veliki', 19, NULL),
	(20240, 'Trpanj', 19, NULL),
	(20242, 'Oskorušno', 19, NULL),
	(20245, 'Trstenik', 19, NULL),
	(20250, 'Orebić', 19, NULL),
	(20260, 'Korčula', 19, NULL),
	(20270, 'Vela Luka', 19, NULL),
	(20275, 'Žrnovo', 19, NULL),
	(20290, 'Lastovo', 19, NULL),
	(20340, 'Ploče', 19, NULL),
	(20345, 'Staševica', 19, NULL),
	(20350, 'Metković', 19, NULL),
	(20355, 'Opuzen', 19, NULL),
	(21000, 'Split', 17, NULL),
	(21205, 'Donji Dolac', 17, NULL),
	(21210, 'Solin', 17, NULL),
	(21215, 'Kaštel Lukšić', 17, NULL),
	(21220, 'Trogir', 17, NULL),
	(21225, 'Drvenik Veliki', 17, NULL),
	(21230, 'Sinj', 17, NULL),
	(21232, 'Dicmo', 17, NULL),
	(21235, 'Otišić', 17, NULL),
	(21240, 'Trilj', 17, NULL),
	(21245, 'Tijarica', 17, NULL),
	(21250, 'Šestanovac', 17, NULL),
	(21255, 'Zadvarje', 17, NULL),
	(21260, 'Imotski', 17, NULL),
	(21265, 'Studenci', 17, NULL),
	(21270, 'Zagvozd', 17, NULL),
	(21275, 'Dragljane', 17, NULL),
	(21300, 'Makarska', 17, NULL),
	(21310, 'Omiš', 17, NULL),
	(21315, 'Dugi Rat', 17, NULL),
	(21320, 'Baška Voda', 17, NULL),
	(21325, 'Tučepi', 17, NULL),
	(21330, 'Gradac', 17, NULL),
	(21335, 'Podaca', 17, NULL),
	(21400, 'Supetar', 17, NULL),
	(21405, 'Milna', 17, NULL),
	(21410, 'Postira', 17, NULL),
	(21420, 'Bol', 17, NULL),
	(21425, 'Selca', 17, NULL),
	(21430, 'Grohote', 17, NULL),
	(21450, 'Hvar', 17, NULL),
	(21460, 'Stari Grad', 17, NULL),
	(21465, 'Jelsa', 17, NULL),
	(21480, 'Vis', 17, NULL),
	(21485, 'Komiža', 17, NULL),
	(22000, 'Šibenik', 15, NULL),
	(22010, 'Šibenik-Brodarica', 15, NULL),
	(22020, 'Šibenik-Ražine', 15, NULL),
	(22030, 'Šibenik-Zablaće', 15, NULL),
	(22205, 'Perković', 15, NULL),
	(22215, 'Zaton', 15, NULL),
	(22235, 'Kaprije', 15, NULL),
	(22240, 'Tisno', 15, NULL),
	(22300, 'Knin', 15, NULL),
	(22305, 'Kistanje', 15, NULL),
	(22310, 'Kijevo', 15, NULL),
	(22320, 'Drniš', 15, NULL),
	(23000, 'Zadar', 13, NULL),
	(23205, 'Bibinje', 13, NULL),
	(23210, 'Biograd na moru', 13, NULL),
	(23235, 'Vrsi', 13, NULL),
	(23245, 'Tribanj', 13, NULL),
	(23250, 'Pag', 13, NULL),
	(23275, 'Ugljan', 13, NULL),
	(23285, 'Brbinj', 13, NULL),
	(23295, 'Silba', 13, NULL),
	(23420, 'Benkovac', 13, NULL),
	(23440, 'Gračac', 13, NULL),
	(23445, 'Srb', 13, NULL),
	(23450, 'Obrovac', 13, NULL),
	(31000, 'Osijek', 14, NULL),
	(31205, 'Aljmaš', 14, NULL),
	(31215, 'Ernestinovo', 14, NULL),
	(31220, 'Višnjevac', 14, NULL),
	(31225, 'Breznica Našička', 14, NULL),
	(31300, 'Beli Manastir', 14, NULL),
	(31301, 'Branjin Vrh', 14, NULL),
	(31305, 'Draž', 14, NULL),
	(31315, 'Karanac', 14, NULL),
	(31325, 'Čeminac', 14, NULL),
	(31400, 'Đakovo', 14, NULL),
	(31410, 'Strizivojna', 14, NULL),
	(31415, 'Selci Đakovački', 14, NULL),
	(31500, 'Našice', 14, NULL),
	(31530, 'Podravska Moslavina', 14, NULL),
	(31531, 'Viljevo', 14, NULL),
	(31540, 'Donji Miholjac', 14, NULL),
	(31550, 'Valpovo', 14, NULL),
	(31555, 'Marijanci', 14, NULL),
	(32000, 'Vukovar', 16, NULL),
	(32100, 'Vinkovci', 16, NULL),
	(32225, 'Bobota', 16, NULL),
	(32235, 'Bapska', 16, NULL),
	(32240, 'Mirkovci', 16, NULL),
	(32245, 'Nijemci', 16, NULL),
	(32255, 'Soljani', 16, NULL),
	(32260, 'Gunja', 16, NULL),
	(32270, 'Županja', 16, NULL),
	(32275, 'Bošnjaci', 16, NULL),
	(32280, 'Jarmina', 16, NULL),
	(33000, 'Virovitica', 10, NULL),
	(33405, 'Pitomača', 10, NULL),
	(33410, 'Suhopolje', 10, NULL),
	(33515, 'Orahovica', 10, NULL),
	(33520, 'Slatina', 10, NULL),
	(33525, 'Sopje', 10, NULL),
	(34000, 'Požega', 11, NULL),
	(34310, 'Pleternica', 11, NULL),
	(34315, 'Ratkovica', 11, NULL),
	(34320, 'Orljavac', 11, NULL),
	(34330, 'Velika', 11, NULL),
	(34335, 'Vetovo', 11, NULL),
	(34340, 'Kutjevo', 11, NULL),
	(34350, 'Čaglin', 11, NULL),
	(34550, 'Pakrac', 11, NULL),
	(35000, 'Slavonski Brod', 12, NULL),
	(35210, 'Vrpolje', 12, NULL),
	(35215, 'Svilaj', 12, NULL),
	(35220, 'Slavonski Šamac', 12, NULL),
	(35250, 'Oriovac', 12, NULL),
	(35255, 'Slavonski Kobaš', 12, NULL),
	(35400, 'Nova Gradiška', 12, NULL),
	(35420, 'Staro Petrovo Selo', 12, NULL),
	(35425, 'Davor', 12, NULL),
	(35430, 'Okučani', 12, NULL),
	(35435, 'Stara Gradiška', 12, NULL),
	(40000, 'Čakovec', 20, NULL),
	(40305, 'Nedelišče', 20, NULL),
	(40315, 'Mursko Središče', 20, NULL),
	(40320, 'Donji Kraljevec', 20, NULL),
	(40325, 'Draškovec', 20, NULL),
	(42000, 'Varaždin', 5, NULL),
	(42205, 'Vidovec', 5, NULL),
	(42220, 'Novi Marof', 5, NULL),
	(42225, 'Breznički Hum', 5, NULL),
	(42230, 'Ludbreg', 5, NULL),
	(42240, 'Ivanec', 5, NULL),
	(42245, 'Donja Voća', 5, NULL),
	(42250, 'Lepoglava', 5, NULL),
	(42255, 'Donja Višnjica', 5, NULL),
	(43000, 'Bjelovar', 7, NULL),
	(43240, 'Čazma', 7, NULL),
	(43245, 'Gornji Draganec', 7, NULL),
	(43270, 'Veliki Grđevac', 7, NULL),
	(43271, 'Velika Pisanica', 7, NULL),
	(43280, 'Garešnica', 7, NULL),
	(43285, 'Velika Trnovitica', 7, NULL),
	(43290, 'Grubišno Polje', 7, NULL),
	(43500, 'Daruvar', 7, NULL),
	(43505, 'Končanica', 7, NULL),
	(43531, 'Veliki Bastaji', 7, NULL),
	(44000, 'Sisak', 3, NULL),
	(44010, 'Sisak-Caprag', 3, NULL),
	(44205, 'Donja Bačuga', 3, NULL),
	(44210, 'Sunja', 3, NULL),
	(44250, 'Petrinja', 3, NULL),
	(44271, 'Letovanić', 3, NULL),
	(44320, 'Kutina', 3, NULL),
	(44325, 'Krapje', 3, NULL),
	(44330, 'Novska', 3, NULL),
	(44400, 'Glina', 3, NULL),
	(44405, 'Mali Gradac', 3, NULL),
	(44410, 'Gvozd', 3, NULL),
	(44415, 'Topusko', 3, NULL),
	(44425, 'Gornja Bučica', 3, NULL),
	(44430, 'Hrvatska Kostajnica', 3, NULL),
	(44435, 'Divuša', 3, NULL),
	(44440, 'Dvor', 3, NULL),
	(44450, 'Hrvatska Dubica', 3, NULL),
	(47000, 'Karlovac', 4, NULL),
	(47201, 'Draganići', 4, NULL),
	(47205, 'Vukmanić', 4, NULL),
	(47220, 'Vojnić', 4, NULL),
	(47240, 'Slunj', 4, NULL),
	(47245, 'Rakovica', 4, NULL),
	(47250, 'Duga Resa', 4, NULL),
	(47251, 'Bosiljevo', 4, NULL),
	(47280, 'Ozalj', 4, NULL),
	(47285, 'Radatovići', 4, NULL),
	(47300, 'Ogulin', 4, NULL),
	(47302, 'Oštarije', 4, NULL),
	(47305, 'Lička Jesenica', 4, NULL),
	(48000, 'Koprivnica', 6, NULL),
	(48260, 'Križevci', 6, NULL),
	(48265, 'Raven', 6, NULL),
	(48305, 'Reka', 6, NULL),
	(48325, 'Novigrad Podravski', 6, NULL),
	(48350, 'Đurđevac', 6, NULL),
	(48355, 'Novo Virje', 6, NULL),
	(49000, 'Krapina', 2, NULL),
	(49210, 'Zabok', 2, NULL),
	(49215, 'Tuhelj', 2, NULL),
	(49225, 'Đurmanec', 2, NULL),
	(49240, 'Donja Stubica', 2, NULL),
	(49245, 'Gornja Stubica', 2, NULL),
	(49250, 'Zlatar', 2, NULL),
	(49255, 'Novi Golubovec', 2, NULL),
	(49290, 'Klanjec', 2, NULL),
	(49295, 'Kumrovec', 2, NULL),
	(51000, 'Rijeka', 8, NULL),
	(51211, 'Matulji', 8, NULL),
	(51215, 'Kastav', 8, NULL),
	(51225, 'Praputnjak', 8, NULL),
	(51250, 'Novi Vinodolski', 8, NULL),
	(51251, 'Ledenice', 8, NULL),
	(51260, 'Crikvenica', 8, NULL),
	(51265, 'Dramalj', 8, NULL),
	(51280, 'Rab', 8, NULL),
	(51300, 'Delnice', 8, NULL),
	(51305, 'Tršće', 8, NULL),
	(51315, 'Mrkopalj', 8, NULL),
	(51325, 'Moravice', 8, NULL),
	(51410, 'Opatija', 8, NULL),
	(51415, 'Lovran', 8, NULL),
	(51500, 'Krk', 8, NULL),
	(51515, 'Šilo', 8, NULL),
	(51550, 'Mali Lošinj', 8, NULL),
	(51555, 'Belej', 8, NULL),
	(52000, 'Pazin', 18, NULL),
	(52100, 'Pula', 18, NULL),
	(52210, 'Rovinj (Rovigno)', 18, NULL),
	(52215, 'Vodnjan (Dignano)', 18, NULL),
	(52220, 'Labin', 18, NULL),
	(52420, 'Buzet', 18, NULL),
	(52425, 'Roč', 18, NULL),
	(52440, 'Poreč', 18, NULL),
	(52445, 'Baderna', 18, NULL),
	(52450, 'Vrsar', 18, NULL),
	(52460, 'Buje (Buie)', 18, NULL),
	(52465, 'Tar', 18, NULL),
	(52470, 'Umag (Umago)', 18, NULL),
	(52475, 'Savudrija (Salvore)', 18, NULL),
	(53000, 'Gospić', 9, NULL),
	(53205, 'Medak', 9, NULL),
	(53220, 'Otočac', 9, NULL),
	(53225, 'Švica', 9, NULL),
	(53230, 'Korenica', 9, NULL),
	(53235, 'Bunić', 9, NULL),
	(53250, 'Donji Lapac', 9, NULL),
	(53260, 'Brinje', 9, NULL),
	(53270, 'Senj', 9, NULL),
	(53285, 'Lukovo', 9, NULL),
	(11111, 'Zzzzzz', 789, NULL),
	(44444, 'vvv', 4444, NULL),
	(88888, 'bbb', 8888, NULL),
	(6666, 'nnn', 9999, NULL),
	(77777, 'mmm', 12121, NULL),
	(44444, 'vvv', 4444, NULL),
	(88888, 'bbb', 8888, NULL),
	(6666, 'nnn', 9999, NULL),
	(77777, 'mmm', 12121, NULL),
	(44444, 'vvv', 4444, NULL),
	(88888, 'bbb', 8888, NULL),
	(6666, 'nnn', 9999, NULL),
	(77777, 'mmm', 12121, NULL),
	(44444, 'vvv', 4444, NULL),
	(88888, 'bbb', 8888, NULL),
	(6666, 'nnn', 9999, NULL),
	(77777, 'mmm', 12121, NULL),
	(44444, 'vvv', 4444, NULL),
	(88888, 'bbb', 8888, NULL),
	(6666, 'nnn', 9999, NULL),
	(77777, 'mmm', 12121, NULL);
/*!40000 ALTER TABLE `mjesto1` ENABLE KEYS */;


-- Dumping structure for view fakultet.nastavnice
DROP VIEW IF EXISTS `nastavnice`;
-- Creating temporary table to overcome VIEW dependency errors
CREATE TABLE `nastavnice` (
	`pbr` INT(11) NOT NULL,
	`nazMjesto` CHAR(40) NOT NULL COLLATE 'utf8_general_ci',
	`sifZupanija` SMALLINT(6) NULL,
	`sifNastavnik` INT(11) NOT NULL,
	`imeNastavnik` CHAR(25) NOT NULL COLLATE 'utf8_general_ci',
	`prezNastavnik` CHAR(25) NOT NULL COLLATE 'utf8_general_ci',
	`pbrStan` INT(11) NOT NULL,
	`sifOrgjed` INT(11) NOT NULL,
	`koef` DECIMAL(3,2) NOT NULL
) ENGINE=MyISAM;


-- Dumping structure for table fakultet.nastavnik
DROP TABLE IF EXISTS `nastavnik`;
CREATE TABLE IF NOT EXISTS `nastavnik` (
  `sifNastavnik` int(11) NOT NULL,
  `imeNastavnik` char(25) NOT NULL,
  `prezNastavnik` char(25) NOT NULL,
  `pbrStan` int(11) NOT NULL,
  `sifOrgjed` int(11) NOT NULL,
  `koef` decimal(3,2) NOT NULL,
  PRIMARY KEY (`sifNastavnik`),
  KEY `pbrStan` (`pbrStan`),
  KEY `sifOrgjed` (`sifOrgjed`),
  CONSTRAINT `nastavnik_ibfk_1` FOREIGN KEY (`pbrStan`) REFERENCES `mjesto` (`pbr`),
  CONSTRAINT `nastavnik_ibfk_2` FOREIGN KEY (`sifOrgjed`) REFERENCES `orgjed` (`sifOrgjed`)
) ENGINE=InnoDB DEFAULT CHARSET=utf8;

-- Dumping data for table fakultet.nastavnik: ~98 rows (approximately)
DELETE FROM `nastavnik`;
/*!40000 ALTER TABLE `nastavnik` DISABLE KEYS */;
INSERT INTO `nastavnik` (`sifNastavnik`, `imeNastavnik`, `prezNastavnik`, `pbrStan`, `sifOrgjed`, `koef`) VALUES
	(122, 'Tin', 'Grabovac', 49000, 100005, 5.90),
	(126, 'Zdravko', 'Budišin', 53000, 100006, 6.30),
	(130, 'Antun Ivan', 'Jonjić', 10000, 100007, 6.70),
	(134, 'Želimir', 'Somrak', 33000, 100025, 7.10),
	(138, 'David', 'Petković', 35000, 100009, 7.50),
	(142, 'Alan', 'Ostojčić', 10000, 100010, 7.90),
	(146, 'Franjo', 'Vidaković', 20000, 100011, 8.30),
	(150, 'Ana', 'Kukec', 20000, 100001, 8.70),
	(154, 'Žarko', 'Dubinko', 10000, 100002, 9.10),
	(158, 'Davorka', 'Volarić', 10000, 100003, 9.50),
	(162, 'Želimir', 'Prester', 34550, 100004, 9.90),
	(166, 'Nino', 'Lipec', 10000, 100005, 3.30),
	(171, 'Dinko', 'Žubrinić', 10000, 100006, 4.50),
	(175, 'Željko', 'Kovačević', 10000, 100007, 4.90),
	(179, 'Adrijan', 'Dugonjić', 21000, 100008, 5.30),
	(183, 'Dino', 'Parlov', 21000, 100025, 5.70),
	(187, 'Gordana', 'Hočevar', 10000, 100025, 3.10),
	(191, 'Davorka', 'Vidović', 10000, 100011, 3.50),
	(195, 'Lovre', 'Đeri', 20000, 100001, 3.90),
	(199, 'Marko', 'Pepelnjak', 10000, 100026, 4.30),
	(203, 'Ivana', 'Sokol', 10000, 100003, 4.70),
	(207, 'Mijo', 'Marović', 51000, 100004, 5.10),
	(211, 'Julija', 'Studen', 10000, 100026, 5.50),
	(215, 'Petar', 'Kruljac', 33000, 100006, 5.90),
	(220, 'Katarina', 'Glavaš', 10000, 100007, 7.10),
	(224, 'Lovro', 'Martinović', 10000, 100008, 7.50),
	(228, 'Renata', 'Santo', 22000, 100009, 7.90),
	(232, 'Dubravko', 'Josipović', 10000, 100010, 8.30),
	(236, 'Robert', 'Pavlović', 20000, 100011, 8.70),
	(240, 'Želimir', 'Bereček', 21000, 100025, 9.10),
	(244, 'Zlatko', 'Tomašek', 10000, 100002, 9.50),
	(248, 'Sandra', 'Stanojević', 31410, 100003, 9.90),
	(252, 'Edita', 'Pavić', 21265, 100025, 3.30),
	(256, 'Sanja', 'Watz', 10000, 100005, 3.70),
	(260, 'Božidar', 'Došen', 21275, 100006, 4.10),
	(264, 'Marko', 'Kovačević', 10000, 100007, 4.50),
	(269, 'Marija', 'Novokmet', 32000, 100008, 5.70),
	(273, 'Davor', 'Režan', 10000, 100009, 3.10),
	(277, 'Silvije', 'Szekeres', 21000, 100010, 3.50),
	(281, 'Dubravko', 'Kirinčić', 10000, 100011, 3.90),
	(285, 'Iva', 'Frančišković', 10000, 100001, 4.30),
	(289, 'Marina', 'Carek', 10000, 100002, 4.70),
	(293, 'Mirna', 'Rakić', 21000, 100025, 5.10),
	(297, 'Alen', 'Pisac', 10000, 100004, 5.50),
	(301, 'Stanislav', 'Krznarić', 10000, 100005, 5.90),
	(305, 'Nikolina', 'Horvat', 31000, 100006, 6.30),
	(309, 'Lovre', 'Rožić', 35000, 100007, 6.70),
	(313, 'Marko', 'Trajbar', 43000, 100008, 7.10),
	(318, 'Nino', 'Gvozdić', 10000, 100009, 8.30),
	(322, 'Ana', 'Juretić', 32000, 100025, 8.70),
	(326, 'Sunčica', 'Pleško', 34000, 100011, 9.10),
	(330, 'Vinko', 'Kecman', 10000, 100001, 9.50),
	(334, 'Sandra', 'Mihaljević', 10000, 100002, 9.90),
	(338, 'Petar', 'Petrović', 20000, 100026, 3.30),
	(342, 'Tin', 'Mandić', 10000, 100004, 3.70),
	(346, 'Anđelko', 'Puzak', 48260, 100025, 4.10),
	(350, 'Vjeran', 'Kovačić', 10000, 100006, 4.50),
	(354, 'Tamara', 'Križanić', 10000, 100007, 4.90),
	(358, 'Aljoša', 'Marijanić', 31000, 100008, 5.30),
	(362, 'Tanja', 'Crnić', 34000, 100009, 5.70),
	(367, 'Tanja', 'Petrović', 10000, 100010, 3.90),
	(371, 'Božidar', 'Mužar', 10000, 100011, 4.30),
	(375, 'Tina', 'Švaljek', 10000, 100001, 4.70),
	(379, 'Mia', 'Stojić', 21000, 100002, 5.10),
	(383, 'Mihael', 'Schildenfeld', 10000, 100003, 5.50),
	(387, 'Tina', 'Madunić', 21000, 100025, 5.90),
	(391, 'Marko', 'Hazdovac', 10000, 100005, 6.30),
	(395, 'Nino', 'Zajc', 51000, 100006, 6.70),
	(399, 'Tino', 'Zerec', 31000, 100007, 7.10),
	(403, 'Aurelija', 'Jurić', 34000, 100008, 7.50),
	(407, 'Gregor', 'Krmpotić', 32100, 100009, 7.90),
	(411, 'Kristian', 'Damjančić', 48000, 100010, 8.30),
	(416, 'Željka', 'Bello', 10000, 100026, 9.50),
	(420, 'Bernard', 'Jurjević', 33000, 100001, 9.90),
	(424, 'Blaž', 'Bartolović', 10000, 100026, 3.30),
	(428, 'Mirna', 'Ban', 10000, 100003, 3.70),
	(432, 'Bojan', 'Bračić', 10000, 100004, 4.10),
	(436, 'Karla', 'Glasnović', 31500, 100005, 4.50),
	(440, 'Miroslav', 'Pongrac', 51550, 100025, 4.90),
	(444, 'Ilija', 'Marasović', 10000, 100007, 5.30),
	(448, 'Mladen', 'Butković', 10000, 100008, 5.70),
	(452, 'Viktor', 'Kuzmić', 31000, 100009, 3.10),
	(456, 'Slavica', 'Haban', 10000, 100010, 3.50),
	(460, 'Ivana', 'Košanski', 10000, 100011, 3.90),
	(465, 'Vinko', 'Belošević', 10000, 100001, 5.10),
	(469, 'Ivana', 'Dumančić', 10000, 100002, 5.50),
	(473, 'Ive', 'Pisarović', 10000, 100003, 5.90),
	(477, 'Gordan', 'Štampar', 21000, 100004, 6.30),
	(481, 'Iva', 'Habuš', 10000, 100005, 6.70),
	(485, 'Ivo', 'Lovrić', 10000, 100025, 7.10),
	(489, 'Vladimir', 'Vinković', 10000, 100007, 7.50),
	(493, 'Vlado', 'Burela', 31000, 100025, 7.90),
	(497, 'Hrvoje', 'Mandić', 42000, 100009, 8.30),
	(501, 'Davorin', 'Rodinis', 48000, 100010, 8.70),
	(505, 'Jerko', 'Zovko', 52000, 100011, 9.10),
	(509, 'Petar', 'Posavčević', 10000, 100001, 9.50),
	(514, 'Damjan', 'Dolar', 10000, 100002, 3.70),
	(518, 'Josipa', 'Prokopić', 21000, 100026, 4.10);
/*!40000 ALTER TABLE `nastavnik` ENABLE KEYS */;


-- Dumping structure for view fakultet.nepopularnipredmeti
DROP VIEW IF EXISTS `nepopularnipredmeti`;
-- Creating temporary table to overcome VIEW dependency errors
CREATE TABLE `nepopularnipredmeti` (
	`nazPred` CHAR(60) NOT NULL COLLATE 'utf8_general_ci',
	`sifPred` INT(11) NOT NULL
) ENGINE=MyISAM;


-- Dumping structure for table fakultet.nl_address
DROP TABLE IF EXISTS `nl_address`;
CREATE TABLE IF NOT EXISTS `nl_address` (
  `email` varchar(255) DEFAULT NULL
) ENGINE=InnoDB DEFAULT CHARSET=utf8;

-- Dumping data for table fakultet.nl_address: ~11 rows (approximately)
DELETE FROM `nl_address`;
/*!40000 ALTER TABLE `nl_address` DISABLE KEYS */;
INSERT INTO `nl_address` (`email`) VALUES
	('iouio'),
	('iouio'),
	('iouio'),
	('iouio'),
	('iouio'),
	('dfsd'),
	('dfsd'),
	('srg@wer.com'),
	('srg@wer.com'),
	('srg@wer.com'),
	('srg@wer.com'),
	('srg@wer.com'),
	('srg@wer.com');
/*!40000 ALTER TABLE `nl_address` ENABLE KEYS */;


-- Dumping structure for table fakultet.orgjed
DROP TABLE IF EXISTS `orgjed`;
CREATE TABLE IF NOT EXISTS `orgjed` (
  `sifOrgjed` int(11) NOT NULL,
  `nazOrgjed` char(60) NOT NULL,
  `sifNadorgjed` int(11) DEFAULT NULL,
  PRIMARY KEY (`sifOrgjed`),
  KEY `sifNadorgjed` (`sifNadorgjed`),
  CONSTRAINT `orgjed_ibfk_1` FOREIGN KEY (`sifNadorgjed`) REFERENCES `orgjed` (`sifOrgjed`)
) ENGINE=InnoDB DEFAULT CHARSET=utf8;

-- Dumping data for table fakultet.orgjed: ~134 rows (approximately)
DELETE FROM `orgjed`;
/*!40000 ALTER TABLE `orgjed` DISABLE KEYS */;
INSERT INTO `orgjed` (`sifOrgjed`, `nazOrgjed`, `sifNadorgjed`) VALUES
	(6, 'Farmaceutsko-biokemijski fakultet', 9996),
	(7, 'Geodetski fakultet', 9996),
	(9, 'Filozofski fakultet u Rijeci', 9998),
	(10, 'Ekonomski fakultet', 9997),
	(11, 'Kemijsko-tehnološki fakultet', 9999),
	(13, 'Edukacijsko-rehabilitacijski fakultet', 9996),
	(15, 'Fakultet političkih znanosti', 9996),
	(16, 'Fakultet organizacije i informatike u Varaždinu', 9996),
	(18, 'Pravni fakultet', 9999),
	(23, 'Fakultet elektrotehnike, strojarstva i brodogradnje', 9999),
	(33, 'Fakultet za turizam i vanjsku trgovinu', 9999),
	(34, 'Fakultet za fizičku kulturu', 9996),
	(36, 'Fakultet elektrotehnike i računarstva', 9996),
	(37, 'Prirodoslovno-matematički fakultet Matematički odjel', 9996),
	(53, 'Veterinarski fakultet', 9996),
	(54, 'Arhitektonski fakultet', 9996),
	(55, 'Ekonomski fakultet', 9999),
	(58, 'Prehrambeno-biotehnološki fakultet', 9996),
	(62, 'Medicinski fakultet', 9998),
	(63, 'Medicinski fakultet', 9999),
	(65, 'Stomatološki fakultet', 9996),
	(66, 'Pravni fakultet', 9996),
	(67, 'Ekonomski fakultet', 9996),
	(68, 'Šumarski fakultet', 9996),
	(69, 'Tehnički fakultet', 9998),
	(70, 'Filozofski fakultet', 9999),
	(79, 'Poljoprivredni fakultet', 9997),
	(81, 'Ekonomski fakultet', 9998),
	(82, 'Građevinski fakultet', 9996),
	(83, 'Građevinski fakultet', 9999),
	(108, 'Medicinski fakultet', 9996),
	(111, 'Pravni fakultet', 9997),
	(113, 'Prehrambeno tehnološki fakultet', 9997),
	(114, 'Građevinski fakultet', 9998),
	(115, 'Pravni fakultet', 9998),
	(116, 'Hotelijerski fakultet', 9998),
	(117, 'Tekstilno-tehnološki fakultet', 9996),
	(119, 'Prirodoslovno-matematički fakultet Prirodoslovni odsjeci', 9996),
	(120, 'Fakultet strojarstva i brodogradnje', 9996),
	(122, 'Pedagoški fakultet', 9997),
	(124, 'Metalurški fakultet', 9996),
	(125, 'Fakultet kemijskog inženjerstva i tehnologije', 9996),
	(128, 'Grafički fakultet', 9996),
	(130, 'Filozofski fakultet', 9996),
	(131, 'Učiteljska akademija', 9996),
	(135, 'Fakultet prometnih znanosti', 9996),
	(140, 'Filozofski fakultet u Puli', 9998),
	(145, 'Fakultet ekonomije i turizma "Dr. Mijo Mirković"', 9998),
	(149, 'Građevinski fakultet', 9997),
	(152, 'Strojarski fakultet', 9997),
	(160, 'Geotehnički fakultet', 9996),
	(165, 'Elektrotehnički fakultet', 9997),
	(177, 'Fakultet prirodoslovno matematičkih znanosti i odgojnih podr', 9999),
	(178, 'Agronomski fakultet', 9996),
	(195, 'Rudarsko-geološko-naftni fakultet', 9996),
	(203, 'Katolički bogoslovni fakultet', 9996),
	(215, 'Umjetnička akademija', 9999),
	(224, 'Veleučilište u Dubrovniku', NULL),
	(236, 'Medicinski fakultet', 9997),
	(239, 'Odjel za pomorstvo u Rijeci', 9998),
	(245, 'Odjel za pomorstvo u Splitu', 9999),
	(262, 'Visoka učiteljska škola', 9999),
	(263, 'Visoka učiteljska škola', 9999),
	(264, 'Visoka učiteljska škola', 9998),
	(265, 'Visoka učiteljska škola', 9998),
	(266, 'Visoka učiteljska škola', 9998),
	(267, 'Visoka učiteljska škola', 9997),
	(302, 'Studij poslovne informatike', 9996),
	(381, 'Akademija likovnih umjetnosti', 9996),
	(1053, 'Akademija dramske umjetnosti', 9996),
	(1298, 'Katolički bogoslovni fakultet', 9999),
	(1349, 'Muzička akademija', 9996),
	(2223, 'Hrvatski studiji', 9996),
	(2241, 'Nautički odjel', 224),
	(2242, 'Strojarski odjel', 224),
	(2243, 'Odjel elektrotehnike i računarstva', 224),
	(2244, 'Turistički odjel', 224),
	(8888, 'SPECIMEN', 9996),
	(9996, 'Sveučilište u Zagrebu', NULL),
	(9997, 'Sveučilište u Osijeku', NULL),
	(9998, 'Sveučilište u Rijeci', NULL),
	(9999, 'Sveučilište u Splitu', NULL),
	(100001, 'Zavod za primijenjenu fiziku', 36),
	(100002, 'Zavod za primijenjenu matematiku', 36),
	(100003, 'Zavod za osnove elektrotehnike i električka mjerenja', 36),
	(100004, 'Zavod za elektrostrojarstvo i automatizaciju', 36),
	(100005, 'Zavod za visoki napon i energetiku', 36),
	(100006, 'Zavod za telekomunikacije', 36),
	(100007, 'Zavod za elektroničke sustave i obradbu informacija', 36),
	(100008, 'Zavod za automatiku i procesno računarstvo', 36),
	(100009, 'Zavod za elektroakustiku', 36),
	(100010, 'Zavod za elektroniku, mikroelektroniku, računalne i intelige', 36),
	(100011, 'Zavod za radiokomunikacije i visokofrekvencijsku elektroniku', 36),
	(100012, 'Centar informacijske potpore', 36),
	(100013, 'Služba održavanja', 100017),
	(100015, 'Studentska služba', 100017),
	(100016, 'Opća i kadrovska služba', 100017),
	(100017, 'Tajništvo', 36),
	(100020, 'Računovodstvo', 100017),
	(100021, 'Bibliotekarska služba', 100017),
	(100023, 'Grupa za fiziku', 100001),
	(100024, 'Grupa fizikalnih osnova novih energetskih tehnologija', 100001),
	(100025, 'Grupa za primijenjenu matematiku', 100002),
	(100026, 'Grupa računarskih znanosti', 100002),
	(100027, 'Grupa za osnove elektrotehnike', 100003),
	(100028, 'Grupa za mjerenja u elektrotehnici', 100003),
	(100029, 'Grupa za električne strojeve', 100004),
	(100030, 'Grupa za regulaciju električnih strojeva', 100004),
	(100031, 'Grupa za tehnologiju', 100004),
	(100032, 'Grupa za mehaničke konstrukcije', 100004),
	(100033, 'Grupa za električne aparate', 100004),
	(100034, 'Grupa za energetsku elektroniku', 100004),
	(100035, 'Grupa za elektrometriju', 36),
	(100036, 'Grupa za električnu vuču', 100004),
	(100037, 'Grupa za metode organizacije', 36),
	(100038, 'Grupa za električna postrojenja', 100005),
	(100039, 'Grupa za nuklearne elektrane', 100005),
	(100040, 'Grupa za prijenos električne energije', 100005),
	(100041, 'Grupa za električnu rasvjetu', 100005),
	(100042, 'Grupa za električne željeznice', 100005),
	(100043, 'Grupa za telekomunikacije i informatiku', 100006),
	(100044, 'Grupa za mreže, sisteme i signale', 100007),
	(100045, 'Grupa za elektronička mjerenja i biomedicinsku elektroniku', 100007),
	(100046, 'Grupa za automatsko upravljanje sistemima', 100008),
	(100047, 'Grupa za računarske sisteme i procese', 100008),
	(100048, 'Grupa za tonfrekvencijsku i prijemničku elektroniku', 100009),
	(100049, 'Grupa za akustiku i elektroakustiku', 100009),
	(100050, 'Grupa za elektroničke sklopove', 100010),
	(100051, 'Grupa za računarsku tehniku', 100010),
	(100052, 'Grupa za radiokomunikacijske sustave', 100011),
	(100053, 'Grupa za visokofrekvencijsku elektroniku', 100011),
	(100054, 'Grupa za strani jezik', 100002),
	(100062, 'Grupa za teoretsku elektrotehniku', 100003),
	(100063, 'Grupa za energetsku elektrotehniku', 100004);
/*!40000 ALTER TABLE `orgjed` ENABLE KEYS */;


-- Dumping structure for table fakultet.orgjed1
DROP TABLE IF EXISTS `orgjed1`;
CREATE TABLE IF NOT EXISTS `orgjed1` (
  `sifOrgjed` int(11) NOT NULL,
  `nazOrgjed` char(60) NOT NULL,
  `sifNadorgjed` int(11) DEFAULT NULL
) ENGINE=InnoDB DEFAULT CHARSET=utf8 ROW_FORMAT=COMPACT;

-- Dumping data for table fakultet.orgjed1: ~8 rows (approximately)
DELETE FROM `orgjed1`;
/*!40000 ALTER TABLE `orgjed1` DISABLE KEYS */;
INSERT INTO `orgjed1` (`sifOrgjed`, `nazOrgjed`, `sifNadorgjed`) VALUES
	(1, 'aaa', 1),
	(1, 'aaa', 1),
	(1, 'aaa', 1),
	(1, 'aaa', 1),
	(1, 'aaa', 1),
	(1, 'aaa', 1),
	(2, 'aaa', 2),
	(3, 'aaa', 3),
	(4, 'aaa', 4),
	(5, 'aaa', 5);
/*!40000 ALTER TABLE `orgjed1` ENABLE KEYS */;


-- Dumping structure for table fakultet.password_resets
DROP TABLE IF EXISTS `password_resets`;
CREATE TABLE IF NOT EXISTS `password_resets` (
  `email` varchar(255) COLLATE utf8_unicode_ci NOT NULL,
  `token` varchar(255) COLLATE utf8_unicode_ci NOT NULL,
  `created_at` timestamp NOT NULL DEFAULT CURRENT_TIMESTAMP ON UPDATE CURRENT_TIMESTAMP,
  KEY `password_resets_email_index` (`email`),
  KEY `password_resets_token_index` (`token`)
) ENGINE=InnoDB DEFAULT CHARSET=utf8 COLLATE=utf8_unicode_ci;

-- Dumping data for table fakultet.password_resets: ~0 rows (approximately)
DELETE FROM `password_resets`;
/*!40000 ALTER TABLE `password_resets` DISABLE KEYS */;
/*!40000 ALTER TABLE `password_resets` ENABLE KEYS */;


-- Dumping structure for table fakultet.pred
DROP TABLE IF EXISTS `pred`;
CREATE TABLE IF NOT EXISTS `pred` (
  `sifPred` int(11) NOT NULL,
  `kratPred` char(8) DEFAULT NULL,
  `nazPred` char(60) NOT NULL,
  `sifOrgjed` int(11) DEFAULT NULL,
  `upisanoStud` int(11) DEFAULT NULL,
  `brojSatiTjedno` int(11) DEFAULT NULL,
  PRIMARY KEY (`sifPred`),
  KEY `sifOrgjed` (`sifOrgjed`),
  CONSTRAINT `pred_ibfk_1` FOREIGN KEY (`sifOrgjed`) REFERENCES `orgjed` (`sifOrgjed`)
) ENGINE=InnoDB DEFAULT CHARSET=utf8;

-- Dumping data for table fakultet.pred: ~182 rows (approximately)
DELETE FROM `pred`;
/*!40000 ALTER TABLE `pred` DISABLE KEYS */;
INSERT INTO `pred` (`sifPred`, `kratPred`, `nazPred`, `sifOrgjed`, `upisanoStud`, `brojSatiTjedno`) VALUES
	(36, 'TEHNO', 'Elektrotehnička tehnologija', 100003, 2, 2),
	(37, 'EEL', 'Energetska elektronika', 100005, 6, 2),
	(39, 'RASAKO', 'Radiorelejne i satelitske komunikacije', 100011, 6, 3),
	(43, 'ELAK', 'Elektroakustika', 100009, 0, 4),
	(47, 'MUE', 'Mjerenja u elektrotehnici', 100003, 0, 2),
	(53, 'ELTER', 'Elektrotermija', 100001, 1, 1),
	(56, 'GOMUAK', 'Govorna i muzička akustika', 100009, 2, 3),
	(57, 'INSKEE', 'Integrirani sklopovi energetske elektronike', 100005, 6, NULL),
	(58, 'KOELU', 'Komponente elektroničkih uređaja i mjerne metode', 100010, 3, NULL),
	(59, 'KVELUR', 'Kvaliteta elektroakustičkih uređaja', 100009, 0, 3),
	(68, 'PORAK', 'Pokretne radiokomunikacije', 100011, 5, 4),
	(70, 'PRAPO', 'Projektiranje radiofrekvencijskih pojačala', 100011, 2, 2),
	(71, 'PROAK', 'Prostorna akustika', 100009, 0, 2),
	(76, 'ULHID', 'Ultrazvuk i hidroakustika', 100009, 70, 3),
	(98, 'EKELS', 'Ekonomika elektroničkih sistema', 100010, 45, NULL),
	(99, 'EKONEN', 'Ekonomika u energetici', 100005, 21, 2),
	(101, 'ELSTR1', 'Električki strojevi I', 100004, 1, 2),
	(102, 'ELIZNA', 'Elektronički izvori napajanja', 100010, 5, 3),
	(103, 'ELKOS', 'Elektronički komutacijski sistemi', 100010, 10, 4),
	(104, 'EEL-IP', 'Energetska elektronika-izabrana poglavlja', 100005, 110, 3),
	(105, 'EEL', 'Energetska elektronika', 100005, 1, NULL),
	(106, 'FLASER', 'Fizika lasera', 100001, 2, 1),
	(107, 'FOSE', 'Fizikalne osnove spremanja energije', 100001, 70, 2),
	(143, 'OPES', 'Optimalni pogon elektroenergetskog sustava', 100005, 1, 3),
	(144, 'OETEM', 'Organizacija i eksploatacija telekomunikacijske mreže', 100006, 2, NULL),
	(146, 'ORAKOM', 'Osnove radiokomunikacija', 100011, 8, 2),
	(147, 'OELAK', 'Osnove elektroakustike', 100009, 0, 3),
	(162, 'PIESS', 'Projektiranje integriranih elektroničkih sklopova', 100010, 0, 2),
	(164, 'PIP', 'Projektiranje industrijskih postrojenja', 100004, 0, NULL),
	(166, 'ZPM06A2', 'Projektiranje programske podrške', 100002, 1, 4),
	(167, 'PROTEM', 'Projektiranje telekomunikacijskih mreža', 100006, 18, 1),
	(169, 'RAKOM', 'Radiokomunikacije', 100011, 1, NULL),
	(174, 'RESE', 'Regulacija električkih strojeva u elektranama', 100004, 1, 3),
	(181, 'STAEES', 'Stabilnost elektroenergetskih sistema', 100005, 2, 3),
	(194, 'UNUF', 'Uvod u nuklearnu fiziku', 100001, 14, 4),
	(199, 'OSKLOP', 'Osnovni elektronički sklopovi', 100010, 0, 2),
	(207, 'TEMRE', 'Telekomunikacijske mreže', 100006, 0, 2),
	(209, 'ELENS', 'Elektroenergetski sistem', 100005, 10, NULL),
	(229, 'OEEN', 'Osnove elektroenergetike', 100005, 25, 3),
	(232, 'SISTR', 'Sinkroni strojevi', 100004, 1, NULL),
	(234, 'PTEP', 'Prelaz topline u energ. postrojenjima', 100004, 2, NULL),
	(238, 'ELSKLOP', 'Elektronički sklopovi', 100010, 10, 3),
	(241, 'EINKO', 'Elektronička instrumentacija i konstrukcije', 100010, 9, 4),
	(249, 'ELMJE', 'Elektronička mjerenja i komponente', 100010, 0, 3),
	(253, 'ESIB', 'Energetski sistemi i bilance', 100005, 2, 2),
	(254, 'FIZ3', 'Fizika III', 100001, 0, 2),
	(256, 'NUMAT', 'Numerička matematika', 100002, 2, 4),
	(258, 'OPEF', 'Odabrana poglavlja energetske fizike', 100001, 1, 3),
	(259, 'OPOMAT', 'Odabrana poglavlja matematike', 100002, 25, 2),
	(260, 'OES', 'Osnove električkih strojeva', 100004, 0, NULL),
	(262, 'STOMAT', 'Stohastička matematika', 100002, 20, 1),
	(264, 'ELRAČ', 'Elektronička računala', 100010, 32, NULL),
	(265, 'ELEL1', 'Elektronički elementi', 100010, 21, 2),
	(266, 'ZFI01O1', 'Fizika I', 100001, 70, 4),
	(267, 'ZFI02O2', 'Fizika II', 100001, 2, 3),
	(271, 'FOE', 'Fizikalne osnove elektrotehnike', 100003, 0, 2),
	(273, 'OE', 'Osnove elektrotehnike', 100003, 2, NULL),
	(277, 'TEOREL', 'Teoretska elektrotehnika', 100003, 1, 1),
	(278, 'EENMR3', 'Elektroenergetske mreže III', 100005, 5, 2),
	(282, 'EENMR1', 'Elektroenergetske mreže I', 100005, 5, 2),
	(284, 'ELSKLOP', 'Elektronički sklopovi', 100010, 10, 4),
	(285, 'RADAR', 'Radari i radiokomunikacije', 100011, 2, 3),
	(286, 'RALOTE', 'Radiolokacija i radiotelemetrija', 100011, 13, 2),
	(288, 'INE03O6', 'Elektronička instrumentacija', 100010, 15, 1),
	(301, 'EPROC', 'Energetski procesi', 100005, 2, 2),
	(303, 'MAT1', 'Matematika I', 100002, 6, 3),
	(304, 'MAT2', 'Matematika II', 100002, 6, 2),
	(305, 'MAT3', 'Matematika III', 100002, 17, 2),
	(307, 'ISKLOP', 'Integrirani elektronički sklopovi', 100010, 0, 2),
	(312, 'UNUF', 'Uvod u nuklearnu fiziku', 100001, 13, NULL),
	(342, 'NEP-K', 'Nuklearna energetska postrojenja - konstrukcijske vježbe', 100004, 0, 2),
	(343, 'ZPM01O1', 'Linearna algebra', 100002, 110, 3),
	(344, 'ZPM02O1', 'Matematička analiza I', 100002, 70, NULL),
	(345, 'ZOM01O1', 'Osnove elektrotehnike I', 100003, 1, 2),
	(346, 'ZPM03O1', 'Primjena računala', 100002, 17, 3),
	(347, 'ZPM04O2', 'Matematička analiza II', 100002, 0, 4),
	(348, 'ZOM02O2', 'Osnove elektrotehnike II', 100003, 3, NULL),
	(349, 'ZPM2002', 'Programiranje', 100002, 15, 2),
	(351, 'ZPM06O3', 'Matematička analiza III', 100002, 1, 1),
	(352, 'ZOM03O3', 'Mjerenja u elektrotehnici', 100003, 2, NULL),
	(353, 'ZSE01O3', 'Energetska elektrotehnika', 100003, 0, 2),
	(354, 'ZER3001', 'Elektronički elementi', 100010, 0, 3),
	(355, 'ZPM07O3', 'Algoritmi i strukture podataka', 100002, 5, 4),
	(356, 'ZPM4001', 'Stohastička i numerička matematika', 100002, 13, 2),
	(357, 'ZPM4002', 'Diskretna i stohastička matematika', 100002, 20, 2),
	(358, 'ZOM03O4', 'Mjerenja u elektrotehnici-praktikum', 100003, 0, 3),
	(361, 'ZRS01O4', 'Osnove digitalnih računala', 100008, 0, NULL),
	(362, 'ZER4002', 'Elektronički sklopovi', 100010, 40, 2),
	(367, 'ZFI03O5', 'Fizika materijala', 100001, 45, 3),
	(370, 'AUT6003', 'Elektronička instrumentacija i mjerenja', 100010, 17, 4),
	(371, 'ZER15A2', 'Složeni elektronički sklopovi', 100010, 8, 2),
	(372, 'ENE04O6', 'Osnove energetske elektronike', 100005, 18, 1),
	(373, 'ZRS11A2', 'Analiza osjetljivosti, sinteza i optimiranje sustava', 100008, 0, 3),
	(374, 'ZRS17A2', 'Procesna mjerenja', 100008, 0, 2),
	(376, 'ZRS12A2', 'Otvoreno računarstvo', 100008, 0, 3),
	(378, 'ZPM05A2', 'Matematičke osnove optimalnog upravljanja', 100002, 25, 2),
	(382, 'ENE02O5', 'Električni strojevi i transformatori', 100004, 0, 4),
	(384, 'ZOM04O5', 'Teorijska elektrotehnika', 100003, 1, 2),
	(390, 'ESA07O6', 'Osnove čvrstoće i konstruiranja', 100004, 2, 2),
	(391, 'ESA5001', 'Osnove električnih strojeva i transformatora', 100004, 0, 2),
	(392, 'ESA02O5', 'Energetska elektronika', 100004, 2, 2),
	(393, 'ESA03O5', 'Elektrotehnički materijali i tehnologija', 100004, 110, 4),
	(394, 'ESA6002', 'Kolektorski i elektronički komutirani motori', 100004, 1, NULL),
	(397, 'INE01O5', 'Elektronička mjerenja i komponente', 100010, 2, 2),
	(404, 'RKP03O5', 'Elektroakustika', 100009, 0, 3),
	(407, 'RKP09O7', 'Optoelektronički sklopovi', 100010, 70, 4),
	(410, 'TKI03O5', 'Telekomunikacijske mreže', 100006, 0, 2),
	(414, 'ZPM11O5', 'Programske paradigme i jezici', 100002, 2, 3),
	(419, 'ZPM02A1', 'Operacijska istraživanja', 100002, 10, 1),
	(420, 'ENE6101', 'Energetski izvori', 100005, 9, 2),
	(423, 'IRB01A1', 'Fizika poluvodiča', 100001, 11, 2),
	(425, 'ZPM01A1', 'Stohastički procesi', 100002, 70, 2),
	(429, 'ZPM09O4', 'Numerička matematika', 100002, 8, NULL),
	(430, 'AUT5002', 'Elektronička računala', 100010, 3, 2),
	(439, 'ZPM08O4', 'Stohastička matematika', 100002, 18, 1),
	(441, 'ZPM10O4', 'Diskretna matematika', 100002, 17, 4),
	(450, 'ENE01O5', 'Energetski procesi', 100005, 11, NULL),
	(452, 'ENE08O7', 'Elektroenergetske mreže', 100005, 0, 2),
	(453, 'ENE09O7', 'Numerička analiza elektroenergetskog sustava', 100005, 2, 3),
	(458, 'ENE14O8', 'Zaštita i automatika elektroenergetskog sustava', 100005, 5, NULL),
	(459, 'ENE15O8', 'Energetika i okoliš', 100005, 9, 2),
	(461, 'ESA04O6', 'Regulacijska tehnika', 100004, 2, 3),
	(464, 'ESA10O7', 'Elektromotorni pogoni', 100004, 0, 4),
	(465, 'ESA11O7', 'Upravljanje elektromotornim pogonima', 100004, 0, 2),
	(467, 'ESA13O8', 'Projektiranje industrijskih postrojenja', 100004, 0, 2),
	(468, 'ESA14O7', 'Razvod električne energije', 100004, 1, 3),
	(470, 'ESA16O9', 'Mehatronički sustavi', 100004, 2, NULL),
	(474, 'AUT06O6', 'Elektronička mjerenja i instrumentacija', 100010, 12, 1),
	(483, 'INE08O7', 'Mikroelektronički sklopovi', 100010, 0, 3),
	(489, 'RKP08O7', 'Osnove radiokomunikacijskih sustava', 100011, 6, 2),
	(490, 'RKP10O7', 'Elektroakustički signali i sustavi', 100009, 0, 4),
	(500, 'TKI11O8', 'Pouzdanost telekomunikacijskih sustava', 100006, 1, 2),
	(505, 'ZER07A1', 'Osnove mikroelektroničkih sklopova', 100010, 2, 2),
	(509, 'ZFI03A2', 'Fizika lasera', 100001, 0, 3),
	(515, 'ZVF01A1', 'Radiolokacija i navigacija', 100011, 10, 2),
	(517, 'ZEA01A1', 'Ultrazvuk i hidroakustika', 100009, 70, 3),
	(525, 'ZPM03A1', 'Projektiranje informacijskih sustava', 100002, 10, 3),
	(528, 'ZRS16A2', 'Upravljanje, slijedni sustavi i senzori u robotici', 100008, 3, NULL),
	(529, 'FSB13A2', 'Regulacija u energetskim postrojenjima', 100004, 0, 2),
	(532, 'ZES15A1', 'Sklopni i zaštitni uređaji u postrojenjima', 100004, 1, 3),
	(535, 'ZES12A2', 'Projektiranje i konstruiranje u elektrostrojarstvu', 100004, 2, 4),
	(541, 'ZEN01A1', 'Pouzdanost elektroenergetskog sustava', 100005, 5, 2),
	(545, 'IHP10A2', 'Energetski izvori', 100005, 3, 2),
	(548, 'ZEN04A1', 'Ekonomika u energetici', 100005, 0, 3),
	(549, 'ZEN03A1', 'Numerički postupci u elektroenergetici', 100005, 5, 1),
	(554, 'ESA02O5', 'Energetska elektronika', 100004, 18, 1),
	(576, 'ZEN09B1', 'Dinamika elektroenergetskog sustava', 100005, 8, 2),
	(580, 'ZRS01A1', 'Adaptivno i robusno upravljanje', 100008, 0, 3),
	(583, 'ZPM04B1', 'Objektno orijentirano programiranje', 100002, 21, 4),
	(588, 'ZRS05B1', 'Inteligentno upravljanje sustavima', 100008, 0, 4),
	(589, 'ZRS09B1', 'Identifikacija procesa', 100008, 70, 2),
	(590, 'ZRS06B1', 'Automatizacija brodskih procesa', 100008, 1, 2),
	(594, 'ZES09B1', 'Elektronički pretvarači za elektromotorne pogone', 100010, 23, 3),
	(595, 'ESA15O8', 'Automatizirana ispitivanja elektrotehničkih uređaja', 100004, 0, NULL),
	(596, 'ZRS02A1', 'Alarmni sustavi', 100008, 5, 2),
	(604, 'ZES16A1', 'Sinkroni strojevi i uzbude', 100004, 0, 3),
	(605, 'ZRS07B1', 'Odabrana poglavlja iz programskog inženjerstva', 100008, 1, NULL),
	(607, 'ZVF11B1', 'Projektiranje radiofrekvencijskih pojačala', 100011, 20, 3),
	(609, 'ZVF04A1', 'Numerički postupci u radiokomunikacijama', 100011, 23, 1),
	(610, 'ZRS10B1', 'Vođenje projekata automatike', 100008, 0, 3),
	(611, 'ZRS03B1', 'Vođenje i upravljanje plovila', 100008, 1, 4),
	(612, 'ZRS08B1', 'Realizacija upravljačkih algoritama i računalnih arhitektura', 100008, 0, 2),
	(615, 'ZVF09B1', 'Tehnologija radiofrekvencijskih komponenata', 100011, 0, NULL),
	(621, 'TKI05B1', 'Razvoj telekomunikacijske programske podrške', 100006, 1, 2),
	(627, 'TKI08B1', 'Organizacija telekomunikacijske mreže', 100006, 2, 3),
	(628, 'TKI09B1', 'Informacijski sustav telekmunikacijske mreže', 100006, 0, 4),
	(634, 'ZVF05A1', 'Radiotelemetrija', 100011, 0, 2),
	(636, 'ZEA03A1', 'Psihoakustika', 100009, 1, 3),
	(637, 'ZEA05A1', 'Govorna i glazbena akustika', 100009, 2, NULL),
	(641, 'ESA17O6', 'Električni strojevi', 100004, 70, 2),
	(642, 'ESA01O5', 'Elektromehanička i elektromagnetska pretvorba', 100004, 0, 3),
	(643, 'ESA19O8', 'Razvoj elektrotehničkih proizvoda', 100004, 5, 2),
	(646, 'ZPM06A2', 'Projektiranje programske podrške', 100002, 29, 2),
	(650, 'ZPM05O2', 'Programiranje', 100002, 17, 2),
	(652, 'ZRS16A2', 'Fleksibilni proizvodni sustavi', 100008, 18, 1),
	(653, 'ZRS08B1', 'Realizacija algoritama i računalnih arhitektura', 100008, 1, 2),
	(654, 'Z0M03O3', 'Mjerenja u elektrotehnici', 100003, 2, 2),
	(656, 'ZPM06A2', 'Ergonomija računalne i programske opreme', 100002, 0, 3),
	(657, 'ZRS09B1', 'Identifikacija procesa', 100008, 70, NULL),
	(658, 'ZPM07A1', 'Osnove baza podataka', 100002, 15, 2),
	(662, 'ENE15O8', 'Energetika i okoliš', 100005, 1, 3),
	(669, 'ZOM03O3', 'Mjerenja u elektrotehnici', 100003, 2, 4);
/*!40000 ALTER TABLE `pred` ENABLE KEYS */;


-- Dumping structure for table fakultet.rezervacija
DROP TABLE IF EXISTS `rezervacija`;
CREATE TABLE IF NOT EXISTS `rezervacija` (
  `oznDvorana` char(5) NOT NULL,
  `oznVrstaDan` char(2) NOT NULL,
  `sat` smallint(6) NOT NULL,
  `sifPred` int(11) NOT NULL,
  KEY `oznDvorana` (`oznDvorana`),
  KEY `sifPred` (`sifPred`),
  CONSTRAINT `rezervacija_ibfk_1` FOREIGN KEY (`oznDvorana`) REFERENCES `dvorana` (`oznDvorana`),
  CONSTRAINT `rezervacija_ibfk_2` FOREIGN KEY (`sifPred`) REFERENCES `pred` (`sifPred`)
) ENGINE=InnoDB DEFAULT CHARSET=utf8;

-- Dumping data for table fakultet.rezervacija: ~89 rows (approximately)
DELETE FROM `rezervacija`;
/*!40000 ALTER TABLE `rezervacija` DISABLE KEYS */;
INSERT INTO `rezervacija` (`oznDvorana`, `oznVrstaDan`, `sat`, `sifPred`) VALUES
	('B1', 'PO', 15, 393),
	('B1', 'PO', 9, 393),
	('B2', 'PO', 14, 393),
	('B2', 'PO', 17, 393),
	('B3', 'PO', 18, 393),
	('B3', 'PO', 14, 393),
	('B1', 'SR', 15, 393),
	('B2', 'SR', 16, 393),
	('B3', 'SR', 17, 393),
	('A101', 'PO', 8, 104),
	('A101', 'PO', 5, 104),
	('A101', 'PO', 11, 104),
	('A101', 'PO', 19, 104),
	('A101', 'PO', 10, 104),
	('A101', 'UT', 20, 104),
	('A101', 'UT', 10, 104),
	('A101', 'UT', 12, 104),
	('A101', 'UT', 14, 104),
	('A102', 'CE', 13, 343),
	('A101', 'CE', 12, 343),
	('A209', 'CE', 14, 641),
	('A210', 'CE', 20, 641),
	('A209', 'PE', 14, 641),
	('A210', 'PE', 15, 641),
	('A204', 'SR', 11, 107),
	('A204', 'SR', 15, 107),
	('A205', 'SR', 18, 107),
	('A205', 'SR', 16, 107),
	('B1', 'CE', 10, 425),
	('A101', 'CE', 17, 425),
	('B1', 'PO', 10, 305),
	('B1', 'PO', 12, 304),
	('B2', 'PO', 13, 288),
	('B3', 'PO', 19, 286),
	('B3', 'PO', 15, 285),
	('B1', 'SR', 11, 284),
	('B2', 'SR', 14, 282),
	('B3', 'SR', 13, 278),
	('A101', 'PO', 14, 267),
	('A101', 'PO', 17, 266),
	('A101', 'UT', 15, 265),
	('A101', 'UT', 16, 262),
	('A101', 'UT', 6, 259),
	('A102', 'CE', 11, 258),
	('A101', 'CE', 18, 256),
	('A210', 'CE', 17, 253),
	('A204', 'SR', 17, 36),
	('A204', 'SR', 16, 39),
	('B1', 'CE', 11, 53),
	('A101', 'CE', 15, 56),
	('B2', 'PO', 15, 68),
	('B3', 'PO', 12, 70),
	('B1', 'SR', 14, 76),
	('B3', 'SR', 15, 101),
	('A101', 'PO', 9, 102),
	('A101', 'PO', 18, 103),
	('A101', 'UT', 4, 143),
	('A101', 'UT', 9, 384),
	('A101', 'CE', 13, 390),
	('B1', 'PO', 16, 370),
	('B1', 'PO', 14, 371),
	('B2', 'PO', 16, 372),
	('B1', 'PO', 11, 576),
	('B2', 'PO', 11, 589),
	('B3', 'PO', 11, 590),
	('B3', 'PO', 20, 594),
	('B2', 'SR', 12, 596),
	('A101', 'UT', 18, 607),
	('A102', 'CE', 20, 611),
	('A210', 'PE', 16, 621),
	('A204', 'SR', 18, 627),
	('A205', 'SR', 10, 643),
	('B1', 'CE', 20, 636),
	('B1', 'PO', 8, 652),
	('B2', 'PO', 9, 653),
	('B3', 'PO', 9, 654),
	('B2', 'SR', 13, 658),
	('B3', 'SR', 14, 662),
	('A101', 'PO', 15, 669),
	('A101', 'PO', 20, 301),
	('A101', 'UT', 19, 37),
	('A102', 'CE', 12, 392),
	('A204', 'SR', 7, 515),
	('A204', 'SR', 8, 99),
	('B1', 'CE', 19, 181),
	('B2', 'PO', 10, 489),
	('B1', 'SR', 17, 166),
	('B3', 'SR', 11, 650),
	('A111', 'SR', 14, 589);
/*!40000 ALTER TABLE `rezervacija` ENABLE KEYS */;


-- Dumping structure for table fakultet.stud
DROP TABLE IF EXISTS `stud`;
CREATE TABLE IF NOT EXISTS `stud` (
  `mbrStud` int(11) NOT NULL AUTO_INCREMENT,
  `imeStud` char(25) NOT NULL,
  `prezStud` char(25) NOT NULL,
  `pbrRod` int(11) DEFAULT NULL,
  `pbrStan` int(11) NOT NULL,
  `datRodStud` datetime DEFAULT NULL,
  `jmbgStud` char(13) DEFAULT NULL,
  PRIMARY KEY (`mbrStud`),
  KEY `pbrRod` (`pbrRod`),
  KEY `pbrStan` (`pbrStan`),
  CONSTRAINT `stud_ibfk_1` FOREIGN KEY (`pbrRod`) REFERENCES `mjesto` (`pbr`),
  CONSTRAINT `stud_ibfk_2` FOREIGN KEY (`pbrStan`) REFERENCES `mjesto` (`pbr`)
) ENGINE=InnoDB AUTO_INCREMENT=1520 DEFAULT CHARSET=utf8;

-- Dumping data for table fakultet.stud: ~302 rows (approximately)
DELETE FROM `stud`;
/*!40000 ALTER TABLE `stud` DISABLE KEYS */;
INSERT INTO `stud` (`mbrStud`, `imeStud`, `prezStud`, `pbrRod`, `pbrStan`, `datRodStud`, `jmbgStud`) VALUES
	(1120, 'Zdenko', 'Kolac', 31000, 40000, '1985-06-06 00:00:00', '0606985330186'),
	(1121, 'Danijel', 'Marović', 21000, 10000, '1984-12-18 00:00:00', '1812984330118'),
	(1123, 'Jozefina', 'Antončić', 10000, 10000, '1984-01-21 00:00:00', '2101984330133'),
	(1124, 'Tihomir', 'Crnković', 34000, 10000, '1985-05-01 00:00:00', '0105985303228'),
	(1125, 'Vjeran', 'Brezac', 44000, 44000, '1984-04-12 00:00:00', '1204984335026'),
	(1127, 'Dario', 'Risek', 32000, 32000, '1984-07-19 00:00:00', '1907984362909'),
	(1128, 'Zlatko', 'Broz', 42000, 10000, '1984-03-17 00:00:00', '1703984330099'),
	(1129, 'Julija', 'Kos', 51000, 51000, '1985-05-19 00:00:00', '1905985330161'),
	(1131, 'Zlatko', 'Nenadić', 35000, 35000, '1984-11-17 00:00:00', '1711984395329'),
	(1132, 'Nikica', 'Arunović', 48000, 48000, '1984-09-01 00:00:00', '0109984330006'),
	(1133, 'Darko', 'Cindrić', 40000, 10000, '1984-10-18 00:00:00', '1810984330093'),
	(1135, 'Juraj', 'Rožman', 42000, 42000, '1984-08-19 00:00:00', '1908984312508'),
	(1136, 'Vlatko', 'Horvatić', 51000, 51000, '1985-06-26 00:00:00', '2606985325027'),
	(1137, 'Jure', 'Ribarić', 22000, 22000, '1983-11-02 00:00:00', '0211983392304'),
	(1139, 'Niko', 'Marušić', 48000, 48000, '1984-08-22 00:00:00', '2208984173977'),
	(1140, 'Davor', 'Vurnek', 20000, 20000, '1984-10-29 00:00:00', '2910984300802'),
	(1141, 'Zoran', 'Habajec', 21000, 21000, '1984-07-25 00:00:00', '2507984301807'),
	(1143, 'Davor', 'Voras', 20000, 10000, NULL, NULL),
	(1144, 'Zvonimir', 'Ozimec', 21000, 21000, '1985-10-08 00:00:00', '0810985390015'),
	(1145, 'Jurica', 'Bašić', 10000, 10000, '1985-07-06 00:00:00', '0607985361605'),
	(1147, 'Alenka', 'Vukojević', 21000, 21000, '1985-06-14 00:00:00', '1406985311906'),
	(1148, 'Antonijo', 'Javorina', 10000, 10000, '1984-07-16 00:00:00', '1607984330068'),
	(1149, 'Nikola', 'Bačić', 20000, 10000, '1984-04-08 00:00:00', '0804984330122'),
	(1151, 'Karlo', 'Krsnik', 10010, 10000, '1984-08-18 00:00:00', '1808984320522'),
	(1152, 'Božidar', 'Tomić', 20250, 20250, '1985-08-07 00:00:00', '0708985395074'),
	(1153, 'Josip', 'Dukić', 21270, 10000, '1985-06-23 00:00:00', '2306985330111'),
	(1155, 'Davorin', 'Mirković', 32100, 32100, '1985-07-04 00:00:00', '0407985307804'),
	(1156, 'Nikolina', 'Medvedec', 34340, 10370, '1985-01-27 00:00:00', '2701985381508'),
	(1157, 'Nina', 'Cnappi', 44320, 10000, '1985-05-23 00:00:00', '2305985390005'),
	(1159, 'Katarina', 'Dobrina', 52420, 10000, '1985-02-18 00:00:00', '1802985330169'),
	(1160, 'Majo', 'Musić', 10450, 10000, '1984-10-27 00:00:00', '2710984303508'),
	(1161, 'Davor', 'Jurinjak', 23250, 10000, '1985-05-23 00:00:00', '2305985330103'),
	(1163, 'Davorka', 'Smolić-Grgić', 43280, 10000, '1985-06-27 00:00:00', '2706985391817'),
	(1164, 'Krešimir', 'Vlahović', 49250, 10000, '1985-03-07 00:00:00', '0703985395007'),
	(1165, 'Željka', 'Morić', 20242, 10000, '1985-06-03 00:00:00', '0306985392119'),
	(1167, 'Mirko', 'Teklić', 47201, 10000, '1984-03-28 00:00:00', '2803984310615'),
	(1168, 'Doris', 'Rapinac', 40000, 10000, '1984-11-22 00:00:00', '2211984335101'),
	(1169, 'Dubravko', 'Vaniček', 42000, 10000, '1984-11-27 00:00:00', '2711984320539'),
	(1170, 'Denis', 'Pauk', 31000, 31000, '1985-04-11 00:00:00', '1104985301819'),
	(1172, 'Ninoslav', 'Novak', 21000, 10000, '1984-04-10 00:00:00', '1004984383309'),
	(1173, 'Gordan', 'Boršić', 10000, 20000, '1980-02-29 00:00:00', '1902980334016'),
	(1174, 'Edita', 'Domijan', 47300, 10000, '1985-06-21 00:00:00', '2106985380029'),
	(1176, 'Predrag', 'Žuljević', 34000, 10000, '1983-12-31 00:00:00', '3112983320569'),
	(1177, 'Kristian', 'Klarin', 10000, 10000, '1985-06-10 00:00:00', '1006985330028'),
	(1178, 'Kristijan', 'Vrabec', 20000, 10000, '1984-10-07 00:00:00', '0710984361315'),
	(1180, 'Iva', 'Mioč', 21000, 21000, '1985-01-31 00:00:00', '3101985340008'),
	(1181, 'Arsenio', 'Minić', 10000, 20000, '1984-09-17 00:00:00', '1709984320508'),
	(1182, 'Gorana', 'Božić', 20000, 20000, '1983-07-21 00:00:00', '2107983340011'),
	(1184, 'Tihomir', 'Fabris', 10000, 20000, '1984-09-08 00:00:00', '0809984360058'),
	(1185, 'Ozren', 'Smolić', 20000, 10000, '1985-06-23 00:00:00', '2306985330083'),
	(1186, 'Zlatko', 'Kolar', 21000, 10000, '1984-09-18 00:00:00', '1809984391008'),
	(1188, 'Kristina', 'Mandić', 20000, 10000, '1985-01-19 00:00:00', '1901985391825'),
	(1189, 'Juraj', 'Maček', 21000, 21000, '1985-01-27 00:00:00', '2701985390206'),
	(1190, 'Domagoj', 'Krišto', 10000, 10000, '1985-03-13 00:00:00', '1303985330094'),
	(1192, 'Helena', 'Mandić', 21000, 21000, '1985-07-10 00:00:00', '1007985300028'),
	(1193, 'Krunoslav', 'Brezak', 10000, 10000, '1984-11-03 00:00:00', '0311984370805'),
	(1194, 'Antun Ivan', 'Herak', 20000, 20000, '1984-07-04 00:00:00', '0407984330073'),
	(1196, 'Pavao', 'Falk', 20000, 10000, '1984-07-12 00:00:00', '1207984330057'),
	(1197, 'Dominik', 'Hacek', 10000, 10000, '1985-04-12 00:00:00', '1204985306801'),
	(1198, 'Helena', 'Vidaković', 21000, 21000, '1984-08-31 00:00:00', '3108984330057'),
	(1200, 'Davor', 'Bunčec', 21000, 21000, '1984-05-05 00:00:00', '0505984330124'),
	(1201, 'Doris', 'Končar', 10000, 10000, '1985-06-01 00:00:00', '0106985392713'),
	(1202, 'Perica', 'Mikulec', 21000, 21000, '1984-04-10 00:00:00', '1004984340304'),
	(1204, 'Ksenija', 'Čular', 51000, 51000, '1985-08-10 00:00:00', '1008985311207'),
	(1205, 'Dragan', 'Vranešić', 51000, 10000, '1984-11-28 00:00:00', '2811984330185'),
	(1206, 'Jozefina', 'Blauhorn', 51000, 51000, '1985-06-10 00:00:00', '1006985383925'),
	(1208, 'Franjo', 'Stipanov', 31000, 31000, '1984-08-11 00:00:00', '1108984385042'),
	(1209, 'Petar', 'Škrinjarić', 31000, 31000, '1984-12-14 00:00:00', '1412984380046'),
	(1210, 'Lea', 'Dostal', 31000, 31000, '1984-12-28 00:00:00', '2812984335123'),
	(1212, 'Josip', 'Zelić', 47000, 47000, '1984-10-01 00:00:00', '0110984330012'),
	(1213, 'Petra', 'Čuljak', 47000, 47000, '1984-12-23 00:00:00', '2312984380051'),
	(1214, 'Drago', 'Bartolinčić', 40000, 10000, '1985-05-26 00:00:00', '2605985383309'),
	(1216, 'Lidija', 'Leonard', 43000, 43000, '1984-11-09 00:00:00', '0911984330036'),
	(1217, 'Lovre', 'Huk', 52000, 52000, '1984-12-11 00:00:00', '1112984370017'),
	(1218, 'Majo', 'Hemetek', 31000, 31000, '1985-06-23 00:00:00', '2306985340015'),
	(1219, 'Predrag', 'Smirčić', 21000, 21000, '1985-03-17 00:00:00', '1703985335145'),
	(1221, 'Slavko', 'Prelec', 10000, 10000, '1985-06-27 00:00:00', '2706985362104'),
	(1222, 'Dragutin', 'Ladišić', 34000, 34000, '1984-12-15 00:00:00', '1512984391826'),
	(1223, 'Kristina', 'Rubinić', 44000, 10000, '1985-07-02 00:00:00', '0207985335087'),
	(1225, 'Mirko', 'Dubravić', 32000, 32000, '1984-08-05 00:00:00', '0508984380043'),
	(1226, 'Tin', 'Mikulaj', 42000, 42000, '1985-04-11 00:00:00', '1104985392619'),
	(1227, 'Dražen', 'Bošnjak', 51000, 51000, '1984-11-24 00:00:00', '2411984340712'),
	(1229, 'Vjeran', 'Brezovec', 44000, 10000, '1985-09-24 00:00:00', '2409985330058'),
	(1230, 'Predrag', 'Buljat', 53000, 53000, '1985-01-06 00:00:00', '0601985320007'),
	(1231, 'Lucija', 'Matijašević', 32000, 32000, NULL, NULL),
	(1233, 'Renato', 'Stepinac', 51000, 51000, '1985-06-03 00:00:00', '0306985300078'),
	(1234, 'Ksenija', 'Pavišić', 21000, 10000, '1981-09-15 00:00:00', '1509981330133'),
	(1235, 'Lea', 'Kamenečki', 10000, 10000, '1985-01-29 00:00:00', '2901985390007'),
	(1237, 'Luka', 'Frankola', 21000, 21000, '1985-08-19 00:00:00', '1908985320002'),
	(1238, 'Tihomir', 'Crnković', 10000, 10000, '1984-06-22 00:00:00', '2206984339303'),
	(1239, 'Duje', 'Šimić', 20000, 10000, '1984-09-07 00:00:00', '0709984330054'),
	(1241, 'Ljiljana', 'Valentić', 10000, 20000, '1984-10-04 00:00:00', '0410984330044'),
	(1242, 'Alan', 'Samodol', 20000, 20000, '1984-10-12 00:00:00', '1210984330177'),
	(1243, 'Lidija', 'Žiljak', 21000, 21000, '1985-01-04 00:00:00', '0401985330026'),
	(1245, 'Dujo Davor', 'Folnegović', 10360, 10000, '1984-11-05 00:00:00', '0511984391518'),
	(1246, 'Roko', 'Novosel', 20340, 10000, '1985-04-04 00:00:00', '0404985335091'),
	(1247, 'Alan', 'Pasanec', 21450, 10000, '1984-09-29 00:00:00', '2909984330071'),
	(1249, 'Maja', 'Belić', 32280, 10000, '1985-06-12 00:00:00', '1206985330109'),
	(1250, 'Antonijo', 'Franjković', 35420, 10000, '1984-11-23 00:00:00', '2311984360005'),
	(1251, 'Lucija', 'Brčić', 47240, 10000, '1985-05-07 00:00:00', '0705985391019'),
	(1253, 'Božidar', 'Cetto', 53230, 10000, '1985-05-24 00:00:00', '2405985330205'),
	(1254, 'Edo', 'Marić', 21420, 21420, '1985-02-27 00:00:00', '2702985390302'),
	(1255, 'Antonijo', 'Dumančić', 32100, 32100, '1984-09-21 00:00:00', '2109984302141'),
	(1257, 'Adrian', 'Lukač', 44320, 10000, '1985-08-17 00:00:00', '1708985383929'),
	(1258, 'Majo', 'Varga', 10430, 10000, '1984-04-21 00:00:00', '2104984340015'),
	(1259, 'Ljiljana', 'Bulić', 31301, 10000, '1984-07-22 00:00:00', '2207984383304'),
	(1261, 'Silvana', 'Novosel', 47302, 10000, '1984-12-11 00:00:00', '1112984308219'),
	(1262, 'Maja', 'Šeremet', 40000, 10000, '1984-12-17 00:00:00', '1712984311413'),
	(1263, 'Davor', 'Plečko', 42000, 42000, '1985-01-05 00:00:00', '0501985392729'),
	(1265, 'Marija', 'Barbić', 31000, 31000, '1985-07-12 00:00:00', '1207985330096'),
	(1266, 'Eduard', 'Petrović', 21000, 21000, '1984-09-25 00:00:00', '2509984383927'),
	(1267, 'Adrijan', 'Vuković', 44400, 10000, '1983-07-12 00:00:00', '1207983330073'),
	(1268, 'Adrijana', 'Buršić', 34000, 10000, '1985-05-19 00:00:00', '1905985320026'),
	(1270, 'Nino', 'Triska', 10000, 10000, '1985-04-25 00:00:00', '2504985334318'),
	(1271, 'Marijan', 'Mirošević', 20000, 10000, '1985-08-27 00:00:00', '2708985334008'),
	(1272, 'Emil', 'Sertić', 21000, 10000, '1985-04-09 00:00:00', '0904985820084'),
	(1274, 'Silvestar', 'Sabljak', 21000, 10000, '1984-05-15 00:00:00', '1505984335045'),
	(1275, 'Dubravko', 'Toth', 10000, 10000, '1985-07-02 00:00:00', '0207985361927'),
	(1276, 'Filip', 'Jurić', 20000, 10000, '1985-05-04 00:00:00', '0405985303209'),
	(1278, 'Gordan', 'Dular', 10000, 20000, '1984-11-29 00:00:00', '2911984317209'),
	(1279, 'Martina', 'Krizmanić', 20000, 10000, '1985-01-10 00:00:00', '1001985383921'),
	(1280, 'Marin', 'Jurić', 21000, 10000, '1984-10-26 00:00:00', '2610984311907'),
	(1282, 'Alan', 'Matuna', 20000, 10000, '1985-02-01 00:00:00', '0102985334042'),
	(1283, 'Vinko', 'Padovan', 21000, 10000, '1985-04-05 00:00:00', '0504985335094'),
	(1284, 'Albert', 'Hunić', 10000, 10000, '1985-01-08 00:00:00', '0801985366002'),
	(1286, 'Fran', 'Šef', 21000, 10000, '1984-08-21 00:00:00', '2108984383317'),
	(1287, 'Adrijan', 'Trnski', 10000, 20000, '1984-03-11 00:00:00', '1103984361305'),
	(1288, 'Mirjana', 'Iveković', 20000, 20000, '1985-03-01 00:00:00', '0103985320504'),
	(1290, 'Slavica', 'Pavić', 20000, 22000, '1984-12-20 00:00:00', '2012984321406'),
	(1291, 'Gordan', 'Kačar', 21000, 21000, '1984-11-15 00:00:00', '1511984330125'),
	(1292, 'Juraj', 'Sabljak', 10000, 20000, '1985-02-26 00:00:00', '2602985330075'),
	(1294, 'Iva', 'Devčić', 10000, 10000, '1985-03-21 00:00:00', '2103985330067'),
	(1295, 'Frane', 'Plavetić', 21000, 10000, '1985-01-06 00:00:00', '0601985330138'),
	(1296, 'Slavko', 'Petreković', 10000, 20000, '1985-07-23 00:00:00', '2307985330036'),
	(1298, 'Marinko', 'Horvat', 10000, 20000, '1985-04-11 00:00:00', '1104985390303'),
	(1299, 'Davorka', 'Ilić', 51000, 51000, '1985-04-15 00:00:00', '1504985380055'),
	(1300, 'Alenka', 'Lozić', 51000, 51000, '1985-07-22 00:00:00', '2207985330193'),
	(1302, 'Lovre', 'Smiljanec', 31000, 10000, '1985-04-17 00:00:00', '1704985381105'),
	(1303, 'Juraj', 'Szirovicza', 31000, 31000, '1985-05-23 00:00:00', '2305985330039'),
	(1304, 'Mario', 'Babić', 31000, 10000, '1984-07-31 00:00:00', '3107984381518'),
	(1306, 'Helena', 'Octenjak', 47000, 47000, '1983-07-14 00:00:00', '1407983330042'),
	(1307, 'Franjo', 'Zdilar', 47000, 10000, '1984-09-16 00:00:00', '1609984330314'),
	(1308, 'Stipe', 'Pugelnik', 22000, 22000, '1984-12-02 00:00:00', '0212984391814'),
	(1310, 'Marko', 'Mateković', 48000, 10000, '1985-06-21 00:00:00', '2106985334006'),
	(1311, 'Goran', 'Remenar', 40000, 40000, '1984-05-20 00:00:00', '2005984390118'),
	(1312, 'Nina', 'Kućan', 33000, 10000, '1985-06-25 00:00:00', '2506985330144'),
	(1314, 'Marko', 'Suhina', 52000, 52000, '1984-10-28 00:00:00', '2810984330097'),
	(1315, 'Aljoša', 'Sobol', 31000, 31000, '1985-05-11 00:00:00', '1105985335128'),
	(1316, 'Gorana', 'Frljak', 21000, 21000, '1984-05-06 00:00:00', '0605984334017'),
	(1317, 'Mijo', 'Vucelić', 49000, 49000, '1985-05-23 00:00:00', '2305985383905'),
	(1319, 'Petra', 'Školnik', 34000, 10000, '1984-11-13 00:00:00', '1311984330155'),
	(1320, 'Martin', 'Kovačić', 44000, 10000, '1984-09-20 00:00:00', '2009984311404'),
	(1321, 'Marko', 'Meljanac', 53000, 53000, '1985-02-09 00:00:00', '0902985390011'),
	(1323, 'Ivan', 'Jambrak', 21000, 21000, '1984-06-18 00:00:00', '1806984330251'),
	(1324, 'Petar', 'Nemet', 49000, 49000, '1984-11-17 00:00:00', '1711984335042'),
	(1325, 'Martina', 'Simon', 10000, 10000, '1984-02-03 00:00:00', '0302984383304'),
	(1327, 'Andrej', 'Jurić', 44000, 44000, '1983-11-27 00:00:00', '2711983370016'),
	(1328, 'Renata', 'Vujnovac', 53000, 10000, '1984-10-08 00:00:00', '0810984334302'),
	(1329, 'Mijo', 'Poljak', 10000, 10000, '1985-05-26 00:00:00', '2605985153755'),
	(1331, 'Gordan', 'Lacković', 21000, 10000, '1984-09-03 00:00:00', '0309984330249'),
	(1332, 'Svebor', 'Keščec', 10000, 10000, '1985-02-09 00:00:00', '0902985383308'),
	(1333, 'Adrijan', 'Fabrični', 20000, 10000, '1984-09-04 00:00:00', '0409984391807'),
	(1335, 'Andrija', 'Topolovac', 10000, 10000, '1985-04-18 00:00:00', '1804985391514'),
	(1336, 'Slavko', 'Hrvojević', 20000, 20000, '1985-06-29 00:00:00', '2906985350009'),
	(1337, 'Mate', 'Crnjak', 21000, 21000, '1985-01-19 00:00:00', '1901985360076'),
	(1339, 'Andro', 'Popović', 21000, 21000, '1984-12-24 00:00:00', '2412984330067'),
	(1340, 'Matej', 'Dukić', 20230, 10000, '1985-08-02 00:00:00', '0208985361006'),
	(1341, 'Sanja', 'Babić', 21240, 10000, '1985-06-28 00:00:00', '2806985371019'),
	(1343, 'Davorka', 'Kralj', 31530, 10000, '1984-01-05 00:00:00', '0501984330031'),
	(1344, 'Sven', 'Rac', 34330, 34330, '1984-12-25 00:00:00', '2512984330145'),
	(1345, 'Helena', 'Medved', 43290, 10000, '1984-12-10 00:00:00', '1012984320027'),
	(1347, 'Mateo', 'Maković', 52100, 52100, '1985-02-23 00:00:00', '2302985363032'),
	(1348, 'Silvana', 'Vrbanić', 10370, 10000, '1985-03-19 00:00:00', '1903985110036'),
	(1349, 'Šime', 'Kovačić', 22010, 10000, '1984-09-19 00:00:00', '1909984302127'),
	(1351, 'Želimir', 'Babić', 42250, 10000, '1985-02-02 00:00:00', '0202985330149'),
	(1352, 'Marko', 'Levačić', 44410, 10000, '1985-07-15 00:00:00', '1507985388902'),
	(1353, 'Slavica', 'Đurak', 34330, 10000, '1984-10-13 00:00:00', '1310984363004'),
	(1355, 'Ante', 'Budimir', 51251, 10000, '1985-03-01 00:00:00', '0103985320023'),
	(1356, 'Matija', 'Bujas', 40000, 40000, '1985-04-22 00:00:00', '2204985391517'),
	(1357, 'Nino', 'Barić', 31000, 31000, '1985-03-25 00:00:00', '2503985381527'),
	(1359, 'Matija Tvrtko', 'Andrišek', 10000, 10000, '1985-01-22 00:00:00', '2201985335002'),
	(1360, 'Sunčica', 'Bošnjak', 21000, 10000, '1984-08-25 00:00:00', '2508984330069'),
	(1361, 'Anto', 'Globlek', 44400, 44400, '1984-06-14 00:00:00', '1406984330053'),
	(1363, 'Matko', 'Grgić', 32000, 32000, '1985-06-08 00:00:00', '0806985383315'),
	(1364, 'Antun', 'Ferenc', 20000, 10000, '1985-01-20 00:00:00', '2001985302121'),
	(1365, 'Anton', 'Bečić', 21000, 21000, '1985-05-11 00:00:00', '1105985330025'),
	(1366, 'Vinko', 'Kontak', 10000, 10000, '1985-04-09 00:00:00', '0904985330095'),
	(1368, 'Tea', 'Međimorec', 10000, 20000, '1984-07-17 00:00:00', '1707984330129'),
	(1369, 'Mato', 'Kobal', 20000, 10000, '1984-07-30 00:00:00', '3007984383313'),
	(1370, 'Tibor', 'Poljanec', 21000, 10000, '1984-09-22 00:00:00', '2209984370027'),
	(1372, 'Adrijan', 'Herceg', 20000, 20000, '1985-04-30 00:00:00', '3004985330071'),
	(1373, 'Antonijo', 'Bilić', 21000, 10000, '1984-12-03 00:00:00', '0312984391218'),
	(1374, 'Tea', 'Mihaljević', 10000, 10000, '1984-06-28 00:00:00', '2806984370019'),
	(1376, 'Darko', 'Mrduljaš', 21000, 10000, '1985-07-16 00:00:00', '1607985330152'),
	(1377, 'Davorka', 'Čavrak', 10000, 10000, '1984-07-31 00:00:00', '3107984390009'),
	(1378, 'Antonio', 'Pamučar', 20000, 10000, '1985-05-10 00:00:00', '1005985330166'),
	(1380, 'Tihomir', 'Medić', 10000, 10000, '1984-10-15 00:00:00', '1510984330055'),
	(1381, 'Antun', 'Balog', 20000, 20000, '1984-08-30 00:00:00', '3008984335037'),
	(1382, 'Vlatka', 'Relota', 21000, 21000, '1985-06-11 00:00:00', '1106985330115'),
	(1384, 'Helena', 'Budimir', 21000, 21000, '1984-11-18 00:00:00', '1811984312506'),
	(1385, 'Tin', 'Krajtner', 21000, 10000, '1984-12-27 00:00:00', '2712984330082'),
	(1386, 'Dragan', 'Vidaković', 10000, 10000, '1984-12-02 00:00:00', '0212984340003'),
	(1388, 'Antun Ivan', 'Šimić', 10000, 10000, '1985-01-09 00:00:00', '0901985330269'),
	(1389, 'Mihovil', 'Slaviček', 21000, 21000, '1985-08-12 00:00:00', '1208985330046'),
	(1390, 'Zdenka', 'Jureta', 10000, 20000, '1985-05-10 00:00:00', '1005985391503'),
	(1392, 'Filip', 'Cigrovski', 51000, 51000, '1983-11-27 00:00:00', '2711983330077'),
	(1393, 'Stjepan', 'Tomić', 51000, 10000, '1985-05-06 00:00:00', '0605985330013'),
	(1394, 'Augustina', 'Šimek', 51000, 10000, '1985-01-15 00:00:00', '1501985320515'),
	(1396, 'Gordana', 'Husak', 31000, 31000, '1982-01-18 00:00:00', '1801982380065'),
	(1397, 'Mijo', 'Legović', 31000, 10000, '1984-12-28 00:00:00', '2812984361908'),
	(1398, 'Zdravka', 'Budiša', 31000, 10000, '1985-01-04 00:00:00', '0401985383929'),
	(1400, 'Miljenko', 'Tuđen', 47000, 10000, '1984-07-22 00:00:00', '2207984391806'),
	(1401, 'Vinko', 'Marković', 47000, 47000, '1984-10-19 00:00:00', '1910984334304'),
	(1402, 'Slavko', 'Kavčič', 10000, 10000, '1985-04-15 00:00:00', '1504985383908'),
	(1404, 'Željka', 'Puljek', 44000, 44000, '1985-03-05 00:00:00', '0503985334317'),
	(1405, 'Jerko', 'Ogresta', 53000, 53000, '1985-01-09 00:00:00', '0901985302806'),
	(1406, 'Tomica', 'Lulić', 32000, 10000, '1984-11-20 00:00:00', '2011984330107'),
	(1408, 'Mirjana', 'Cesnik', 51000, 10000, '1984-06-01 00:00:00', '0106984330014'),
	(1409, 'Berislav', 'Crnković', 22000, 22000, '1985-04-05 00:00:00', '0504985330263'),
	(1410, 'Željka', 'Koren', 35000, 35000, '1985-03-12 00:00:00', '1203985334304'),
	(1412, 'Hana', 'Birkić', 40000, 40000, '1984-08-10 00:00:00', '1008984302118'),
	(1413, 'Antun Ivan', 'Galić', 33000, 10000, '1985-04-20 00:00:00', '2004985301006'),
	(1414, 'Tin', 'Šipek', 43000, 43000, '1984-11-24 00:00:00', '2411984330174'),
	(1415, 'Tomislav', 'Kovačić', 52000, 52000, '1984-06-15 00:00:00', '1506984370008'),
	(1417, 'Toni', 'Merlak', 35000, 35000, '1985-04-13 00:00:00', '1304985310024'),
	(1418, 'Davor', 'Roketinec', 48000, 10000, '1984-11-05 00:00:00', '0511984330035'),
	(1419, 'Mirko', 'Brečić', 40000, 40000, '1984-10-29 00:00:00', '2910984383906'),
	(1421, 'Ljiljana', 'Jokić', 43000, 10000, '1985-03-16 00:00:00', '1603985383315'),
	(1422, 'Helena', 'Crnković', 52000, 52000, '1985-04-12 00:00:00', '1204985339016'),
	(1423, 'Vjeran', 'Nakić', 20000, 10000, '1984-07-28 00:00:00', '2807984311904'),
	(1425, 'Martina', 'Petrinec', 10000, 20000, '1984-10-24 00:00:00', '2410984334004'),
	(1426, 'Vanja', 'Bonačić', 20000, 10000, '1985-02-14 00:00:00', '1402985391809'),
	(1427, 'Hrvoje', 'Juričić', 21000, 21000, '1985-03-06 00:00:00', '0603985330122'),
	(1429, 'Karla', 'Kafadar', 20000, 20000, '1984-08-13 00:00:00', '1308984370016'),
	(1430, 'Želimir', 'Pintar', 21000, 10000, '1984-10-24 00:00:00', '2410984320029'),
	(1431, 'Franjo', 'Berač', 10000, 10000, '1985-04-29 00:00:00', '2904985370026'),
	(1433, 'Igor', 'Bogati', 10380, 10000, '1984-11-07 00:00:00', '0711984385009'),
	(1434, 'Mijo', 'Vrhoci', 21210, 10000, '1985-03-09 00:00:00', '0903985330211'),
	(1435, 'Alan', 'Franc', 22020, 10000, '1984-09-24 00:00:00', '2409984392103'),
	(1437, 'Miro', 'Pugar', 34310, 10000, '1984-07-02 00:00:00', '0207984335112'),
	(1438, 'Vedran', 'Meštrić', 42240, 42240, '1985-04-07 00:00:00', '0704985368003'),
	(1439, 'Josip', 'Škvorc', 47300, 10000, '1985-01-18 00:00:00', '1801985392106'),
	(1441, 'Majo', 'Meglaj', 47220, 10000, '1984-06-09 00:00:00', '0906984383906'),
	(1442, 'Boris', 'Jertec', 21450, 10000, '1984-02-29 00:00:00', '2902984330072'),
	(1443, 'Nataša', 'Cerjan', 33520, 33405, '1984-08-28 00:00:00', '2808984335042'),
	(1445, 'Niko', 'Grbić', 44400, 10000, '1985-01-04 00:00:00', '0401985330196'),
	(1446, 'Antonijo', 'Nikolić', 20210, 10000, '1984-09-06 00:00:00', '0609984330247'),
	(1447, 'Vid', 'Markulinčić', 31531, 10000, '1984-10-14 00:00:00', '1410984330114'),
	(1449, 'Nataša', 'Osredečki', 51211, 10000, '1985-05-23 00:00:00', '2305985303534'),
	(1450, 'Borislav', 'Gobin', 42000, 42000, '1985-08-04 00:00:00', '0408985330169'),
	(1451, 'Mirko', 'Kadić', 31000, 10000, '1984-09-15 00:00:00', '1509984382604'),
	(1453, 'Petra', 'Tišlar', 31000, 31000, '1984-06-30 00:00:00', '3006984335183'),
	(1454, 'Božidar', 'Sesar', 10000, 10000, '1983-04-29 00:00:00', '2904983383316'),
	(1455, 'Iva', 'Hafner', 47300, 10000, '1984-09-18 00:00:00', '1809984340007'),
	(1457, 'Borna', 'Burtina', 34000, 34000, '1985-06-04 00:00:00', '0406985380077'),
	(1458, 'Davor', 'Kroflin', 21000, 21000, '1984-09-18 00:00:00', '1809984383124'),
	(1459, 'Predrag', 'Vlah', 10000, 10000, '1984-11-29 00:00:00', '2911984330044'),
	(1461, 'Nenad', 'Toth', 21000, 21000, '1985-04-08 00:00:00', '0804985380005'),
	(1462, 'Vilim', 'Živčić', 20000, 10000, '1984-11-10 00:00:00', '1011984370839'),
	(1463, 'Ivan', 'Balenović', 21000, 10000, '1983-08-16 00:00:00', '1608983335065'),
	(1464, 'Tihomir', 'Fizir', 10000, 10000, '1985-05-06 00:00:00', '0605985330058'),
	(1466, 'Neven', 'Rubeša', 21000, 10000, '1985-05-23 00:00:00', '2305985335025'),
	(1467, 'Tea', 'Stjepanović', 10000, 10000, '1984-10-27 00:00:00', '2710984330142'),
	(1468, 'Ivana', 'Kuzma', 20000, 20000, '1985-07-09 00:00:00', '0907985335135'),
	(1470, 'Dubravko', 'Bartolić', 10000, 10000, '1984-11-16 00:00:00', '1611984392608'),
	(1471, 'Božidar', 'Ježić', 20000, 10000, '1984-11-26 00:00:00', '2611984321729'),
	(1472, 'Ivana', 'Muranić', 21000, 21000, '1985-08-07 00:00:00', '0708985381113'),
	(1474, 'Vjekoslav', 'Lacković', 20000, 10000, '1984-10-24 00:00:00', '2410984383901'),
	(1475, 'Branimir', 'Bolfek', 21000, 10000, '1984-09-23 00:00:00', '2309984330054'),
	(1476, 'Zlatko', 'Perčić', 10000, 10000, '1985-02-18 00:00:00', '1802985301803'),
	(1478, 'Vid', 'Kulišić', 10000, 10000, '1985-04-03 00:00:00', '0304985380005'),
	(1479, 'Branko', 'Car', 10000, 20000, '1985-07-19 00:00:00', '1907985302136'),
	(1480, 'Vjeran', 'Stipaničev', 21000, 21000, '1984-12-29 00:00:00', '2912984330052'),
	(1482, 'Iva', 'Klarin', 21000, 21000, '1984-11-10 00:00:00', '1011984383918'),
	(1483, 'Ivica', 'Čučković', 10000, 35400, '1984-12-20 00:00:00', '2012984335149'),
	(1484, 'Antun Ivan', 'Pužar', 21000, 21000, '1985-03-13 00:00:00', '1303985390025'),
	(1486, 'Iva', 'Kopjar', 21000, 21000, '1985-09-06 00:00:00', '0609985380028'),
	(1487, 'Juraj', 'Valjak', 51000, 10000, '1984-04-23 00:00:00', '2304984391802'),
	(1488, 'Davor', 'Dilber', 51000, 51000, '1984-10-03 00:00:00', '0310984330019'),
	(1490, 'Bruno', 'Hundak', 31000, 10000, '1984-12-21 00:00:00', '2112984300052'),
	(1491, 'Jakov', 'Bumbar', 31000, 31000, '1985-01-15 00:00:00', '1501985330061'),
	(1492, 'Ivan', 'Kordić', 31000, 31000, '1985-04-12 00:00:00', '1204985388117'),
	(1494, 'Franjo', 'Blažević', 31000, 10000, '1985-01-21 00:00:00', '2101985301004'),
	(1495, 'Lovre', 'Šimek', 47000, 21000, '1984-11-14 00:00:00', '1411984303204'),
	(1496, 'Cvijeta', 'Erceg', 32000, 10000, '1985-08-16 00:00:00', '1608985390075'),
	(1498, 'Janko', 'Jakopović', 51000, 51000, '1984-07-06 00:00:00', '0607984307828'),
	(1499, 'Vlaho', 'Roginić', 22000, 10000, '1985-04-07 00:00:00', '0704985340301'),
	(1500, 'Dalibor', 'Gradečak', 35000, 35000, '1985-05-27 00:00:00', '2705985311411'),
	(1502, 'Josip', 'Nikl', 40000, 10000, '1984-09-30 00:00:00', '3009984383005'),
	(1503, 'Majo', 'Posavec', 33000, 33000, '1984-09-03 00:00:00', '0309984330118'),
	(1504, 'Josip', 'Poljak', 43000, 43000, '1984-12-06 00:00:00', '0612984391807'),
	(1506, 'Damir', 'Buković', 31000, 31000, '1984-12-08 00:00:00', '0812984383608'),
	(1507, 'Mijo', 'Bitar', 21000, 21000, '1984-12-15 00:00:00', '1512984330055'),
	(1508, 'Vlasta', 'Ciković', 49000, 10000, '1985-04-03 00:00:00', '0304985330026'),
	(1510, 'Vlatka', 'Ćurković', 34000, 34000, '1984-12-19 00:00:00', '1912984360007'),
	(1511, 'Mirko', 'Rech', 43000, 10000, '1984-04-12 00:00:00', '1204984321701'),
	(1512, 'Josip', 'Horvat', 52000, 10000, '1985-08-05 00:00:00', '0508985383312'),
	(1513, 'Josip', 'Ivanović', 31000, 31000, '1984-07-30 00:00:00', '3007984370022'),
	(1515, 'Predrag', 'Fugaj', 49000, 49000, '1984-08-31 00:00:00', '3108984334004'),
	(1516, 'Vlatko', 'Bedeniković', 10000, 10000, '1985-01-27 00:00:00', '2701985341117'),
	(1517, 'Daniel', 'Kamenar', 20000, 10000, '1984-07-05 00:00:00', '0507984312503'),
	(1519, 'Slavko', 'Prstačić', 10000, 20000, '1984-01-15 00:00:00', '1501984330074');
/*!40000 ALTER TABLE `stud` ENABLE KEYS */;


-- Dumping structure for function fakultet.tran
DROP FUNCTION IF EXISTS `tran`;
DELIMITER //
CREATE DEFINER=`root`@`localhost` FUNCTION `tran`() RETURNS int(11)
BEGIN

SAVEPOINT ime1;
INSERT INTO `fakultet`.`mjesto1` (`pbr`, `nazMjesto`, `sifZupanija`) 
VALUES (44444, 'vvv', 4444);
INSERT INTO `fakultet`.`mjesto1` (`pbr`, `nazMjesto`, `sifZupanija`) 
VALUES (88888, 'bbb', 8888);

SAVEPOINT ime2;
INSERT INTO `fakultet`.`mjesto1` (`pbr`, `nazMjesto`, `sifZupanija`) 
VALUES (6666, 'nnn', 9999);
INSERT INTO `fakultet`.`mjesto1` (`pbr`, `nazMjesto`, `sifZupanija`) 
VALUES (77777, 'mmm', 12121);

SELECT mjesto1.nazMjesto
INTO @mojvar 
FROM mjesto1 
WHERE mjesto1.pbr=77777 LIMIT 1;


RETURN(1);

RETURN(1);
END//
DELIMITER ;


-- Dumping structure for table fakultet.users
DROP TABLE IF EXISTS `users`;
CREATE TABLE IF NOT EXISTS `users` (
  `id` int(10) unsigned NOT NULL AUTO_INCREMENT,
  `name` varchar(255) COLLATE utf8_unicode_ci NOT NULL,
  `email` varchar(255) COLLATE utf8_unicode_ci NOT NULL,
  `password` varchar(255) COLLATE utf8_unicode_ci NOT NULL,
  `remember_token` varchar(100) COLLATE utf8_unicode_ci DEFAULT NULL,
  `created_at` timestamp NULL DEFAULT NULL,
  `updated_at` timestamp NULL DEFAULT NULL,
  PRIMARY KEY (`id`),
  UNIQUE KEY `users_email_unique` (`email`)
) ENGINE=InnoDB DEFAULT CHARSET=utf8 COLLATE=utf8_unicode_ci;

-- Dumping data for table fakultet.users: ~0 rows (approximately)
DELETE FROM `users`;
/*!40000 ALTER TABLE `users` DISABLE KEYS */;
/*!40000 ALTER TABLE `users` ENABLE KEYS */;


-- Dumping structure for table fakultet.users_old
DROP TABLE IF EXISTS `users_old`;
CREATE TABLE IF NOT EXISTS `users_old` (
  `username` varchar(50) DEFAULT NULL,
  `password` varchar(50) DEFAULT NULL
) ENGINE=InnoDB DEFAULT CHARSET=utf8;

-- Dumping data for table fakultet.users_old: ~0 rows (approximately)
DELETE FROM `users_old`;
/*!40000 ALTER TABLE `users_old` DISABLE KEYS */;
INSERT INTO `users_old` (`username`, `password`) VALUES
	('123', '123');
/*!40000 ALTER TABLE `users_old` ENABLE KEYS */;


-- Dumping structure for view fakultet.xxl
DROP VIEW IF EXISTS `xxl`;
-- Creating temporary table to overcome VIEW dependency errors
CREATE TABLE `xxl` (
	`sifNastavnik` INT(11) NOT NULL,
	`imeNastavnik` CHAR(25) NOT NULL COLLATE 'utf8_general_ci',
	`prezNastavnik` CHAR(25) NOT NULL COLLATE 'utf8_general_ci',
	`pbrStan` INT(11) NOT NULL,
	`sifOrgjed` INT(11) NOT NULL,
	`koef` DECIMAL(3,2) NOT NULL
) ENGINE=MyISAM;


-- Dumping structure for view fakultet.yyl
DROP VIEW IF EXISTS `yyl`;
-- Creating temporary table to overcome VIEW dependency errors
CREATE TABLE `yyl` (
	`prezNastavnik` CHAR(25) NOT NULL COLLATE 'utf8_general_ci',
	`sifOrgjed` INT(11) NOT NULL
) ENGINE=MyISAM;


-- Dumping structure for table fakultet.zupanija
DROP TABLE IF EXISTS `zupanija`;
CREATE TABLE IF NOT EXISTS `zupanija` (
  `sifZupanija` smallint(6) NOT NULL,
  `nazZupanija` char(40) NOT NULL,
  PRIMARY KEY (`sifZupanija`)
) ENGINE=InnoDB DEFAULT CHARSET=utf8;

-- Dumping data for table fakultet.zupanija: ~22 rows (approximately)
DELETE FROM `zupanija`;
/*!40000 ALTER TABLE `zupanija` DISABLE KEYS */;
INSERT INTO `zupanija` (`sifZupanija`, `nazZupanija`) VALUES
	(0, 'Nepoznata županija'),
	(1, 'Zagrebačka'),
	(2, 'Krapinsko-zagorska'),
	(3, 'Sisačko-moslavačka'),
	(4, 'Karlovačka'),
	(5, 'Varaždinska'),
	(6, 'Koprivničko-križevačka'),
	(7, 'Bjelovarsko-bilogorska'),
	(8, 'Primorsko-goranska'),
	(9, 'Ličko-senjska'),
	(10, 'Virovitičko-podravska'),
	(11, 'Požeško-slavonska'),
	(12, 'Brodsko-posavska'),
	(13, 'Zadarska'),
	(14, 'Osječko-baranjska'),
	(15, 'Šibensko-kninska'),
	(16, 'Vukovarsko-srijemska'),
	(17, 'Splitsko-dalmatinska'),
	(18, 'Istarska'),
	(19, 'Dubrovačko-neretvanska'),
	(20, 'Međimurska'),
	(21, 'Grad Zagreb');
/*!40000 ALTER TABLE `zupanija` ENABLE KEYS */;


-- Dumping structure for view fakultet.nastavnice
DROP VIEW IF EXISTS `nastavnice`;
-- Removing temporary table and create final VIEW structure
DROP TABLE IF EXISTS `nastavnice`;
CREATE ALGORITHM=UNDEFINED DEFINER=`root`@`localhost` VIEW `nastavnice` AS SELECT * 
FROM mjesto INNER JOIN nastavnik 
ON mjesto.pbr=nastavnik.pbrStan 
WHERE RIGHT(nastavnik.imeNastavnik,1) LIKE 'a'
ORDER BY mjesto.pbr ASC LIMIT 15 ;


-- Dumping structure for view fakultet.nepopularnipredmeti
DROP VIEW IF EXISTS `nepopularnipredmeti`;
-- Removing temporary table and create final VIEW structure
DROP TABLE IF EXISTS `nepopularnipredmeti`;
CREATE ALGORITHM=UNDEFINED DEFINER=`root`@`localhost` VIEW `nepopularnipredmeti` AS SELECT 
pred.nazPred,
pred.sifPred
FROM pred
WHERE pred.sifPred NOT IN (SELECT
DISTINCT ispit.sifPred
FROM ispit) ;


-- Dumping structure for view fakultet.xxl
DROP VIEW IF EXISTS `xxl`;
-- Removing temporary table and create final VIEW structure
DROP TABLE IF EXISTS `xxl`;
CREATE ALGORITHM=UNDEFINED DEFINER=`root`@`localhost` VIEW `xxl` AS SELECT * from nastavnik 
WHERE nastavnik.koef BETWEEN 5.7 AND 6.3 ;


-- Dumping structure for view fakultet.yyl
DROP VIEW IF EXISTS `yyl`;
-- Removing temporary table and create final VIEW structure
DROP TABLE IF EXISTS `yyl`;
CREATE ALGORITHM=UNDEFINED DEFINER=`root`@`localhost` VIEW `yyl` AS SELECT 
xxl.prezNastavnik, xxl.sifOrgjed 
FROM xxl
WHERE xxl.sifNastavnik<300 ;
/*!40101 SET SQL_MODE=IFNULL(@OLD_SQL_MODE, '') */;
/*!40014 SET FOREIGN_KEY_CHECKS=IF(@OLD_FOREIGN_KEY_CHECKS IS NULL, 1, @OLD_FOREIGN_KEY_CHECKS) */;
/*!40101 SET CHARACTER_SET_CLIENT=@OLD_CHARACTER_SET_CLIENT */;
